ORDERID,CUSTOMERID,ORDERDATE,STATUS,REVENUE
59c9bab5-cddc-4b75-bb80-b35b4aa479bf,1c0d0b8d-57ea-459d-acb6-2519243b9b9a,2021-04-09,Shipped,93
6452274d-6cc6-4d1f-ae53-0f387b9d01b9,09c5976b-852d-4a84-8245-8e77b83c9f58,2024-10-24,Shipped,1295.07
f12fdbf8-dd05-481a-a2a5-f37ed903cb7a,232eeb9a-364b-4165-920a-28e6dfd15278,2021-01-11,Shipped,40.4
08d7bb3b-baec-41d9-84ee-97188fb966be,1ba8d4e6-2232-4c67-9524-af5cc099b83c,2020-09-17,Shipped,107.82
450e1e78-f83f-4f56-86a2-140bc18b6e12,8c0e9423-f27b-41ed-9ee9-78b3e2adff49,2021-10-12,Shipped,52.32
3c33a98e-112b-4da7-81fc-5ea0e4bf01fe,b5e9ea33-ea57-498c-a903-cee836d3b385,2025-11-24,Shipped,42.5
b9a5f127-3cba-4e3b-b147-d40aef5e31e7,a9096322-aa60-4bfa-aea5-922d804654a1,2026-03-19,Shipped,156.75
e285940c-b71e-455d-be2d-6b38a8ee2f37,00f8366a-99a0-4b23-ba90-55b4257957af,2025-10-23,Shipped,148.6
9a6fd7a5-f4d8-4040-b6ac-5c4f039d94d2,19d27091-23ca-4bc4-9d98-189e1d63af9b,2026-03-23,Shipped,236.5
a8fa3753-60de-4180-a029-4842074ca0c6,822005b9-64ae-4f30-9a3a-f7f8b8eca3e4,2023-09-25,Shipped,649.29
3bc1cdf9-4d1c-471c-b5aa-2fb88c03351b,5b9fc775-ec3b-431e-a6a1-1ec1c091f9f7,2023-08-28,Shipped,260.3
77f610b7-54b2-4aff-93c8-6709a3d73925,604e6415-0b46-4516-a30e-a905003a1d8f,2024-09-05,Shipped,72.62
0f8993d7-db69-4f4b-ba9d-e40717a6d1f8,9e9629b4-0aa5-445f-a4e7-7c45cae3d03d,2020-08-21,Shipped,141
972ceff3-7c81-44d0-960d-24377f9f8c6d,1f6a5d01-fc65-4bd5-a321-25b671993184,2020-04-06,Shipped,310
0fe44b37-ee16-44e5-980b-dbf85f9ea0c3,cc82ab94-a68d-465b-bbdc-29260388c906,2025-06-23,Shipped,145
75e001d0-6606-4fae-a355-99c7dea81a14,d964fa60-4196-4883-a101-12219ce679de,2025-09-15,Shipped,434.73
77382a2a-b8e1-487c-a807-b5fa62735b13,e5b5b4fc-71ad-4934-9229-a0a7293dd306,2025-01-02,Shipped,0
56e6c0a5-a668-4ecc-b2b2-d53dd41dddc8,811f10db-33c9-491d-9188-22adfe0b3817,2025-01-31,Shipped,53.82
015a3b5c-6562-40a2-9659-785b47b2f108,c44f7f20-c42b-4540-a8cf-18d3d37a93f9,2025-06-24,Shipped,444
95f82387-a2ab-4e62-9c97-a30223f64e5a,326051aa-578a-46c4-9dab-6acde13bd3b0,2025-04-07,Shipped,48.54
d96dbdd4-0c53-45aa-ab07-863b3371cee6,647b01ba-7883-4dd2-9bcb-bd9fa013f0e3,2025-04-17,Shipped,340.78
029ab7c8-18cb-44e3-8207-ba507727ca97,6b2ddd17-3dd9-4828-bf78-51185fc8e101,2025-01-06,Shipped,73.98
21e2e59a-6225-4d98-94ee-868a73d723b3,31e18b0a-0b2a-427e-966b-dd2a71474d7a,2025-01-31,Shipped,66.92
8285b57c-864b-4908-a188-f4b6713f2d5b,91f51063-cb8c-42dc-a52d-f7fa8fb9323e,2025-09-16,Shipped,33.75
9e86916e-431e-45fa-aac4-75837d914250,da9f1268-15e6-4b28-afa6-b74dd5775a5e,2025-09-22,Shipped,88.83
0cab3c02-196e-4fb9-b683-223270382497,f5bddb99-434c-4017-9226-02bc4bb396d4,2022-03-22,Shipped,11
65162f4a-f6c0-4c99-9fb2-2d4f3da20325,fe76c924-87a3-430d-acf1-803febc64797,2024-09-16,Shipped,406.44
2c24b705-7198-4679-8ce6-c6e5b3dcd320,47440abc-c592-45c8-ac97-a0d71691b7b1,2025-10-09,Shipped,581
b6d7f8bb-5d28-4a0b-a948-0a6b2fcb8fff,9f43c55e-d368-479b-b477-5594146be90f,2025-12-11,Shipped,141.23
41c4ab47-8643-40cc-a0c5-51505479c36d,fc6e99fd-cf6c-4c29-aefd-d153b421ce56,2025-03-26,Shipped,27.82
b3bb342b-803d-4147-8a16-b08799173fc3,9cf9f59e-1c03-4bf2-a33d-0b5604a7fe73,2020-08-11,Shipped,1620
1ea27a14-bb53-4b12-afad-467654fdc22b,3f0c015f-f5eb-4994-83b3-f7164bf0aa60,2024-01-23,Shipped,36.35
68afed6f-37ac-44f8-a8d9-026675c33c2f,2bb96e92-27bb-4fae-8a8e-1ce554c5708c,2023-09-01,Shipped,91.17
36eadb5b-da07-4f5e-979f-2b77e4fe3c85,3600ad3e-5d9b-4348-8fdc-2e98e7470d2d,2023-03-16,Shipped,313.69
a20b27e4-5aaf-4727-b916-d0363eab82e0,452e40fb-9636-436f-916c-57424990fc92,2025-11-07,Shipped,435.15
2ca6c5ee-70cd-400c-9ba7-f152d0924303,28556300-2d57-43ab-a689-996beb8941fd,2025-11-10,Shipped,25.75
6d2c961f-4705-426c-9047-2a5a04ccbe4b,cd9483c3-a76e-4c1b-8359-7837d54ff856,2025-11-18,Shipped,48.5
9682455b-4d70-44fd-bfa9-4c15827e620d,bee52f45-80b8-47b3-b8d7-f6cf6eba88e1,2024-08-13,Shipped,1525.82
1fe89a67-69a3-4ca9-9624-9971ffe39ed4,9233ad7b-21c0-4cd5-8f18-31e9fd8bf7b7,2023-10-30,Shipped,172.55
9f0b5ef1-81e9-42d6-b57a-26e977b2b5cf,901b9049-7c5f-482a-b544-9ba737d0fae6,2021-10-19,Shipped,625.69
e2605063-65f1-465f-9a15-518c0ca4a6d5,88705b03-7f1b-41ce-bdbd-23d25747ad51,2025-01-17,Shipped,75.63
0f3f4393-fc4a-4e7d-9ede-c4d86173b26a,8e4fe803-3075-4ce6-9d33-bb8b6d5691e5,2023-05-03,Shipped,17.86
c555fb90-b13b-4945-862c-14dd152b1fea,eb9cbacd-1d7d-4792-a492-f5358c471b19,2025-12-15,Shipped,52.8
b32528f5-ea2f-4758-a2e9-625060c62b14,3879d21b-19b2-4e89-89fb-720644129496,2022-10-20,Shipped,610.58
2212126c-738c-440f-84aa-dbc960d29338,3428b79b-4673-4933-b566-5592ca4db700,2022-10-21,Shipped,70.88
fdd0191b-040a-4f50-910a-6c7969d6ea15,038f7569-04ff-4fcf-b2a8-7250f5258993,2025-05-21,Shipped,203.58
b9aefd68-50fd-4ca0-bfda-32b01f07033e,81d0cccf-93ba-44a6-80d3-773adbd1d05c,2024-12-20,Shipped,800.72
6d8029c1-ffc8-4f4a-a22b-3c92e632dc6f,1cb26488-f0d0-493f-bace-7aa3d01256d9,2025-12-24,Shipped,36
f7ad7d23-fa68-4c26-9c2a-f4ebb57a5485,86a3c69c-47a1-433f-83c8-80b89073fb14,2022-03-12,Shipped,61.98
759a6196-c38e-427e-9c44-55ed5510b122,645befe1-6329-433d-9cba-b192ae49e39b,2024-02-29,Shipped,22.38
2a9ece5a-9ff4-423e-82ed-ca25742625a6,fd8ca733-0034-4c9e-8f25-73646926058d,2026-02-18,Shipped,111.75
e6c851c3-3935-494a-abf6-52d93a85a097,87b98565-4393-4a4f-b691-bf2527190b7a,2025-07-10,Shipped,289
50cf7d81-a112-43cf-b9bc-19f25f4b93cd,9c547402-7533-42be-b63b-4d7e151cead7,2025-10-22,Shipped,296.07
c2aeaccd-c948-4df1-ae4d-e4ad0d1e4783,ded87dfb-d9b5-4574-a30c-1dd8aac01d5b,2023-12-15,Shipped,33.49
2f6610d1-add3-4fb8-978f-17372ce86213,fecb772c-2b2d-4912-b348-5903be4ce1de,2025-12-05,Shipped,67.6
fa566b4e-1ab0-42fa-93ef-f7bd395d9c13,ce744eaa-419e-40c3-b8c1-3a601f808f02,2021-05-28,Shipped,0
7cc20893-e07b-4a13-b189-e058e8d7dbc2,687aef0e-d715-446c-9813-39f80ef889d7,2023-11-21,Shipped,604.72
a0da935c-fbee-4cf0-a2f3-37d5143b88a8,c6840307-6e89-486a-acb8-cb9dbbc91453,2025-12-29,Shipped,120
9c919812-4c56-4b41-9dc8-82676c358b27,e5531a00-e55c-4685-bf02-dc51771f8291,2024-06-12,Shipped,39.95
eecc0b30-1640-4a22-8d7c-dbc12aa563c7,8818ec29-2585-495b-9778-feec24bc1f65,2025-10-29,Shipped,75.64
dd235469-c09e-4883-bc4a-2fdc939aed06,d7325b2e-9b7e-4eb0-840c-c082203d8ad4,2025-01-08,Shipped,1282.44
bb5758d4-11e5-40d0-977f-32434942767e,28b4fc0f-b99a-4160-b3ee-593272986811,2021-09-30,Shipped,13.5
1b8e557c-4438-4d38-9fb5-458c30122698,5cde0a5b-1dc4-4791-a74f-9dcf2af1b3b0,2025-06-25,Shipped,30
18bbdfe0-6fec-4c97-be71-f0fde2f9015e,9b1b7362-3ee4-4f7a-98a8-26f8d9b9e782,2021-10-27,Shipped,46.25
a7e890fb-24cd-4a09-b5c7-e6fed39dc116,fb2d93b0-e28a-437e-b63b-97b9e8a66d15,2025-09-23,Shipped,37.59
d5941ee5-c27d-44ca-bd86-1e0affeee5a6,f09df9ec-4814-4563-9263-b27a30a853bc,2023-06-01,Shipped,51.61
c6658376-affa-4f21-8c24-def450f6abb2,b6b13622-fed1-44e0-82d3-87782cb6148c,2025-10-10,Shipped,122.75
09a00275-db9c-4da9-8f10-c1f46d77a6c8,349b2860-f3e4-4cea-86be-7ec24921839a,2023-08-31,Shipped,263.04
ec94715b-4f23-4ef9-b218-329f65dd0bb0,cebfc421-4031-41ce-a177-f7234130db52,2025-07-31,Shipped,96.5
e555954d-e895-4027-bebb-9665f7cc8307,7b376823-a6ce-4823-b929-3346418e27c3,2021-10-14,Shipped,339.15
2b00021e-9657-4df4-adb2-5fe8cbcac462,a87f6df1-a70b-4633-9061-c8514c05efb1,2025-11-18,Shipped,23.4
cdf7d874-07b4-437c-a383-6ba514208e3c,ea825491-fe19-41ba-b90a-ff5ccbf8d9b0,2020-11-05,Shipped,70.3
4b5e402e-6718-4ab1-9aa9-86736ca5c923,60400aa4-66fb-4699-95a2-37f11bb25f30,2023-03-01,Shipped,388.96
c25ff212-d169-4ad0-8468-5c757b597570,2e843595-d0bf-4653-93a0-3b17f3e7ff27,2025-02-26,Shipped,65.25
9b3b747b-c609-4694-aef0-94b0ce2d86fe,61678262-c4c1-42a4-9599-7c0af08d84ba,2025-12-08,Shipped,60.5
9902d75a-3596-45b1-b690-d4a49e0edd7a,c40ebe50-a962-4efa-9739-e3b1af75d0d7,2021-10-08,Shipped,83.78
a771e406-5428-44de-96ce-b8b26edddf03,f46b519f-5693-417a-92a3-34cb9d96fdae,2023-08-31,Shipped,22.77
b9d7e1b9-e540-4376-aab8-a2fb121cdc5d,cf564371-e067-4857-8b8a-cb6b0d596f58,2023-12-22,Shipped,117.28
34841f3f-6ad0-44bb-8e2d-4bba2fe40ec5,9ade3be4-3fb7-4cf9-92fc-5ba20fbe2d12,2025-07-31,Shipped,45.5
3cb62db8-8656-4a0d-9124-24b14b132e8f,07572a74-3c12-4630-b89f-d51eaa621a0b,2021-02-14,Shipped,31
d42858c1-5b4f-4b57-8a82-d1628e4a9916,7df4183e-b15a-43bb-a6eb-e4ea1f0c102c,2020-11-02,Shipped,2206.64
a4d1c836-3c3c-4cdf-958e-be832947b53d,fde4bd5a-4099-41bc-93e1-62d37ca27ab7,2023-10-27,Shipped,99.03
dfca6efc-1bf8-4440-94e4-246d23506180,8bc17171-271a-4feb-ada9-74fe4fbe9f5f,2022-02-22,Shipped,61.91
5da2ecb3-75a8-4f40-8c8d-f3ed8ff181aa,1f9c637a-807f-4c6e-ae3f-a079981c876a,2020-11-12,Shipped,27.6
e2e6928c-fd5a-49c3-8927-889790809edf,ad61af17-c77b-4113-ab3f-4bda2cf2a994,2025-09-25,Shipped,100.7
a37f4c2b-0ecd-46a0-a9eb-f677de560f99,c26180b5-6b0b-4567-8744-ff1b782bb52c,2024-11-26,Shipped,63.84
7619112e-65a4-44e9-bdfe-6b8031bfb35e,4ab7e8ff-4670-4455-afc9-b82caf0a4971,2025-05-14,Shipped,188.05
6c52ea9d-ae10-4aa4-a635-26d8cae7cdc8,52be3a15-a8ff-4e1c-b7bd-ad8b71068573,2023-05-25,Shipped,67.28
4df4b4c9-4856-422b-b965-4dd617a4e250,3051c7dd-42d6-4a0f-b4e7-44b3b58eeec3,2023-06-19,Shipped,385.6
fb8367be-b5f6-4376-a92f-bdfadbc02c78,99a70321-d851-4d23-af82-e9389c42e868,2026-03-27,Shipped,78.75
c85044f9-b27b-4519-81ca-e41d17878bdc,038ff306-2298-4bd3-bf55-57660bc75ace,2024-12-09,Shipped,124.89
bbd8fb7d-ee76-4327-8b30-c8c125525637,cae8b166-aec4-4599-8123-dd110bb6fc94,2025-08-19,Shipped,28.75
18c44ae8-d0d2-41b7-afef-ef6b6a17c6f0,2b4dd988-1a6e-4837-8916-82ddc8f02f21,2025-09-24,Shipped,614.24
21e15779-e6ac-440a-8a08-cb7b149117ad,eb8d0250-c303-4de7-ac7d-cafca655c392,2020-07-02,Shipped,80.4
9be6403c-db48-406e-b28d-4d07d4a3ca82,f331fba3-893b-4803-a17f-9c4ff9c7589e,2023-03-29,Shipped,25.76
4f5199cc-70cb-44ae-ac45-7055fdc733e2,cbda0908-5376-4586-ae80-f63720e490f2,2022-05-10,Shipped,46.76
b5263d66-74c4-4753-a361-4b87c744ede9,194ee2ea-61ed-4e5a-95e6-fcdc6b9f6016,2023-11-15,Shipped,32.1
05c90037-e123-4b3c-b9ce-efb05b8be5c0,2bb96e92-27bb-4fae-8a8e-1ce554c5708c,2023-06-12,Shipped,54.63
3c8c2648-7c19-4252-b424-2141ac3624df,aa920544-874e-4d74-afb0-f5af84f86b8d,2021-02-26,Shipped,377
754426a4-76e9-4c00-8aac-1996a8c8e935,dfa3f684-2343-4619-a989-671da672641c,2021-11-15,Shipped,19.09
bf4f7636-f6c9-463c-91f2-809721764826,862346ef-436f-48ba-9743-0ee7ab2ea552,2022-03-07,Shipped,76.54
c442c008-ac5d-4c51-b04f-f953dde1b937,0d7774d7-1f85-41ff-9592-33c7b1ae7d32,2024-02-02,Shipped,65.75
d0f5cf59-43b5-4a2f-a8b6-d0deaaa36c64,ec507235-829b-47f7-bcc8-177d89c14803,2023-02-05,Shipped,31.33
2ca78f59-b955-4663-8b83-7724040b3738,4f1189fd-f25f-4fe9-8804-1f7a9488e76e,2023-02-06,Shipped,47.2
03d25ff8-957c-4daa-bf07-3e88f4ea9056,26701092-6604-49ee-8369-6cf9ea452de8,2023-08-24,Shipped,414.97
e8afdd6e-2563-4fdd-b2b9-44e9b6c79e32,eaa3fb1e-bf0e-4a0a-8b03-ae10bafc7fb2,2025-05-06,Shipped,39.88
7fe00c0b-2d38-40ad-9466-0456383c8e7e,34ab8fd0-67e6-4852-a465-1672f1a7afcc,2025-06-06,Shipped,87.28
437c87be-23ea-49a4-885b-7c2361470e71,d184f971-feea-4c16-ae46-8fd7868dedb6,2020-11-24,Shipped,139
ef0fde95-5a4c-486c-a7c8-fced95c0b91b,1c98d623-189f-4296-a293-b44be7bb9ab3,2023-12-21,Shipped,82.68
453e166c-0919-4e64-84af-c34fd725de76,93b4fd1a-d7dd-40a3-8ff8-128a61d4cc33,2025-08-23,Shipped,453.77
dc4d16cc-aa65-4e78-83ba-ec69fe66b9aa,202fd960-cdf6-40a6-8933-b9ab90aed5d7,2025-12-31,Shipped,61
c7466814-e4ef-4f16-b68d-8142089296c8,91232d02-7df9-4d35-8fa0-8d483cdd4334,2024-09-16,Shipped,128.71
cc39133c-ac86-4b20-b586-ce35ac4008af,29a45174-c080-40b0-9699-83ddf8c9830d,2025-10-24,Shipped,407.82
3542443d-a4f9-49e2-b36d-211e32819ef6,7aac7936-1afe-44d9-b860-75518d852d2d,2023-06-19,Shipped,16.02
a4a79eb7-130f-4d2a-b6a0-b83fcdf2ddd1,f2b3eb2c-159f-4d9d-96d3-f5a175b825e2,2023-09-07,Shipped,264.6
7d0eba05-b2c9-4eb3-bfef-9995f58b12d3,3be6425b-f992-4906-b2b3-7efd95d528e6,2024-03-15,Shipped,226.89
2a224b68-5a49-489b-9f7f-dba1bed5408f,ec52de05-974a-4879-b67f-4edd7eb287a6,2021-03-22,Shipped,33.5
f074eef5-6662-4f71-89e9-78df1cca3da9,561881a1-7d47-4831-a073-4fa0f71a1eea,2023-12-28,Shipped,230.29
dbc970e8-17ee-4bea-b1bf-f33d5b11802a,9e555035-ed6c-482a-9b61-4fe21bbf9ce6,2025-04-11,Shipped,1843.08
53733326-1914-46f2-b9d3-713690641e33,803e6152-9d51-40d9-a26d-c5c3df023b76,2025-04-15,Shipped,29.52
f298b255-0988-4eef-86c9-91eafa2c3233,12689848-ec9c-4413-b562-86fb9c68c138,2025-03-03,Shipped,253.5
36378d1f-9aca-4ed3-a82f-e2396b066f72,4bd94d60-3dc3-46ed-8426-7d2a39f65b8d,2022-07-29,Shipped,369.11
e9825f40-23de-497f-ba94-fe2ee9ab5d5a,28d66e1a-0a09-4e2e-a5b4-b1c0a2e2bf7a,2025-12-16,Shipped,54.5
88e7bf72-461d-4f67-8487-8fa48b9218d6,b7192aca-d1f7-47ce-bdf1-677337052261,2023-04-18,Shipped,104.8
fc2a4395-7807-4bb8-bfda-d66779d2225f,94fd9f8c-28da-4ecc-a005-ee606e6cfd5a,2024-10-18,Shipped,53.7
dc7ed3c9-77b7-4edd-a3f6-ea19f4645a16,10da099e-5e38-4c9e-b542-9b2f0160091b,2025-03-21,Shipped,227.97
3b2c67a9-3c10-4e5a-a800-61dffee6d64a,7c1d6822-0bba-46ef-969b-725441bb5837,2023-06-11,Shipped,108.7
fc5f6563-dedd-4abb-b47a-37f1f24ea852,0a5d8fd5-7fb2-4905-8371-17205a16caa6,2024-07-03,Shipped,441.14
41b9130a-df46-409b-82a9-3c83aeecd34b,69e5821d-d4e0-4d3f-9ef4-4f2abc845957,2025-12-22,Shipped,483.25
e2b97438-4f28-4aa1-9910-d18890145933,bb820b8e-d4e9-424c-b4d6-5d90245483b0,2025-01-20,Shipped,114.24
9231f0d6-d804-4110-a7d6-8c1ef6d649fb,a9c99855-acad-48e8-bcbf-24b92692c16b,2023-07-06,Shipped,69.85
12a3217b-5331-4da6-84bb-7e014a0e58fc,5c577637-fe4e-4518-aa09-c79adb50c83b,2024-07-04,Shipped,218.03
50d737ca-f87f-4ccb-b6e3-b61684dba274,2ea1b564-1c4f-4f37-861b-0f69ef898e27,2024-08-21,Shipped,33.08
c9378556-ca24-4f07-b5ad-80ec86db34d3,be7e2f3a-545c-4a3a-aa19-4353dea1f7bd,2025-12-04,Shipped,21.2
bb9edfad-3d3d-442d-9947-6e95fb8b0976,3095bb78-5b4b-4728-9ecd-c05d33a96cdc,2021-10-25,Shipped,127.25
28411082-82ba-4078-a5b4-301970c4d429,a86c85ef-190b-4c6c-90be-da5d734262a7,2025-01-08,Shipped,81.04
54664dac-a559-4184-9b17-a87a6f10dce7,77877149-848d-4120-9fff-8b170262d197,2026-01-06,Shipped,24.57
1f57ff0c-9350-4e51-8ac5-20c9f6432916,ececaca3-0e64-441d-9e69-4ff344e40c8c,2025-08-11,Shipped,36.75
58a6051e-3517-42de-aae9-0c5f6df7c9af,390c4fbf-f122-4702-9acb-d072de0442ae,2025-08-14,Shipped,53
a0b7b487-a837-42fd-a83a-c8490296b803,dc4a845d-1d45-4b80-99cc-ab8596af1ed0,2025-12-04,Shipped,40
0dab5063-ef88-40af-bdf4-5fb84566420a,c73d9109-cd79-4e04-9b05-c6b79be3d5fd,2025-12-11,Shipped,131
81a7d64f-8d8b-49b1-8721-f70859b88605,fb0988e9-a921-4702-87f4-c42009621a77,2023-11-21,Shipped,378.63
d47f49b9-008b-4fba-b2b5-cf73741adcb4,b96454dd-73c5-428c-be24-665fb112e6e3,2025-08-26,Shipped,253.29
6fb5a169-93c5-4ec9-860d-2b87fec90edd,414831ab-a84f-4cd4-9caf-47a76b5691ad,2020-07-17,Shipped,101.6
b1cb3702-1f0d-48ee-9e32-7eeb5713899f,e183bec6-18b3-4557-a4ac-8e7aac338aa6,2024-05-28,Shipped,0
176913bb-d1c2-4f5e-b216-daf99a41d513,678df420-9955-43ed-841a-2451a2c2533b,2022-07-29,COMPLAINTS,-807.14
8d1187ad-ba70-4154-90ad-94e96b08310c,20fb5fe3-6630-4c14-b6fd-cb78d5e9c885,2025-03-12,COMPLAINTS,-57.22
9a2dc1ac-88ab-413f-83ea-9979951add5f,ba008cd9-bf93-4f64-abf8-3690556a04b5,2025-12-01,COMPLAINTS,-56.28
e0fd8334-b04d-4067-a987-5ca79267fe84,38c0b206-2acc-4ad3-8407-6f930bb06b4b,2020-05-04,COMPLAINTS,-200
fa362907-e7aa-448b-8b8f-e1a63d9733c6,29deb45a-c4d9-477d-b201-37d7aac0d7ac,2020-06-15,COMPLAINTS,-320.15
f1f77668-8fea-459a-9ebc-6f7685638290,2cc4c01c-8c03-46ef-8db8-a250566d1743,2026-01-15,COMPLAINTS,-2387
b2fa3892-ac09-49dc-b120-ebae35757b8a,213b9a41-a2cd-43ee-a32f-f386b3356509,2025-07-28,COMPLAINTS,-120.3
d310f8e3-60bd-4337-acd1-9d10fa3c399c,f2c551f4-4a23-43a4-9b08-feed3ceb3927,2022-04-01,COMPLAINTS,-393.58
ef8fd91f-4f4f-44b8-93ca-97a724a75386,84954dc4-4eb6-4ac5-9283-9fb08cdfbb76,2022-02-18,COMPLAINTS,-869.72
6356505d-5456-4d57-8a9b-a3081b5dc373,a1886ecb-5b49-424f-bf67-170b13ee95d1,2025-10-10,COMPLAINTS,-29.25
a146f2d1-7476-4eba-af1d-82aa4e03f878,f4e3f079-db65-44e7-9685-a9a778663407,2020-11-17,COMPLAINTS,-30
f4d84b46-d4af-4e97-b3b6-64a767c8f50e,6b9c8ac3-86b2-4eb8-86c2-c20963397070,2020-11-18,COMPLAINTS,-58
39d1fd2d-c696-4864-a451-3eb54995c40f,80e990da-4e4e-4817-b743-d6c9de6623d5,2026-01-13,COMPLAINTS,-81.3
daa49856-addf-4807-965f-6f115dea4918,107ef625-eb96-47ef-872e-31192d7b4d87,2023-08-06,COMPLAINTS,-191.45
013907f3-1029-49b1-9b1e-7a719735b668,8aeac90d-1572-4a16-a1c0-7aa31df8c0fc,2025-06-13,COMPLAINTS,-132.56
f769705e-9951-46b3-9609-d52e34ff6723,1c2f7563-9765-421d-92c4-9c86cd09f0e5,2023-09-12,COMPLAINTS,-4.14
c31f5404-a18d-4670-b23a-9eb3445f4e8e,1b462910-3910-419c-a773-e6f94dc357bf,2022-09-09,COMPLAINTS,-23.12
7bbfddf1-9ea5-402d-bc42-a27e520cec15,47a74d0b-f073-4503-b8f4-186466ddf756,2021-04-22,COMPLAINTS,-65.75
3f4f0900-5757-40ef-b0f3-afa3231bf4b2,787ed90b-32e7-4c38-894c-d9fbba3539e0,2025-12-04,COMPLAINTS,-3.19
ba46521b-533e-4e77-985c-9995cb056105,1d09ce63-1c68-4ee5-82f5-896f11e52217,2022-03-22,COMPLAINTS,-30.5
9b2b79f7-063e-4118-a0e5-d04e6433a964,6a3dd172-9996-42a7-869a-ba82e28ede36,2023-08-03,COMPLAINTS,-68.03
b56881fa-7e19-4bff-93e1-fc938fe962b1,56785fa5-d400-4b3d-8238-d91136341f2a,2025-06-27,COMPLAINTS,-21
81bb8451-08ed-4dfa-8635-3c082e544874,6fbc1fcf-8bf6-41d5-91ac-17b359a206a1,2025-07-01,COMPLAINTS,-89
a351e616-0e53-4bf7-af62-37c5ca9865ee,f4f1242c-9d45-47d8-99d0-8b34abc25f81,2026-02-10,COMPLAINTS,-124.8
d09d5a07-05e8-4f97-8909-a3de6528cd9f,9e214d83-81ab-43a1-aa80-bbf710874d28,2024-05-30,COMPLAINTS,-16.6
2904235b-a7a4-43dd-b7e0-24ed882bd16b,2e0a84a7-3e77-425b-afc0-81fe0c1b0d43,2022-04-21,COMPLAINTS,-42.66
e8ed270d-f996-4ac1-84b0-604dbe2584e5,0bfe06e5-a275-4fde-b364-1bcef013d35f,2023-05-23,COMPLAINTS,-6.83
b5b32d38-d634-477e-a3c9-0353fad81223,516b1010-e0b7-43ac-bd63-fb27cb618d05,2021-10-07,COMPLAINTS,-22.75
c9046a99-ed24-40eb-a644-8a974bb16bed,4b962b1f-8a50-432d-afd7-be06e5449b4b,2023-01-31,COMPLAINTS,-28.5
2dc305d5-17f2-43bf-bdab-8010a54d9758,99dc8c1f-d9bb-4ac9-87f3-9ebf07dae864,2026-01-15,COMPLAINTS,-37.5
9f1f608b-f56f-46e9-9c36-ab74ee9820a9,a5442dc9-54a3-4fd0-a65a-054b226868d9,2022-05-27,COMPLAINTS,-160.99
ec0b6ea2-8e58-49ee-85de-6d810b8807d9,4d21489c-e08a-470f-8d7a-8b6b53327cc6,2025-09-16,COMPLAINTS,-3.17
83740535-0386-41dc-acab-82c0223fbfc6,dd07df63-b7d3-403b-9378-27fddb21c8fe,2023-05-24,COMPLAINTS,-125.36
3a3a2137-1110-4d03-a70a-7e2451390369,06084216-0212-4197-8799-fdea27b98adf,2023-06-12,Shipped,647.71
566801ef-2d50-4389-8b94-3dd68ac0077a,fd2e9d3b-bc4f-4f78-a99b-91fea1677ff6,2024-11-05,Shipped,242.54
463862c9-82f4-4d05-a499-b373982fc9f9,01e24c7e-07a4-45c7-9f61-5526dc840f27,2024-11-06,Shipped,2643.35
ec3ffad5-897c-4c7d-ab24-f173638faed9,11a62ecd-c3eb-4925-b679-142f0b517570,2025-11-26,Shipped,32.25
befe1ca6-cf39-49e1-ac34-f205c58db5b3,4f11b054-97ee-4813-9c7c-51f6817bca89,2021-10-19,Shipped,208.5
68aa1cf1-1e5b-457b-882a-ad006b7d514f,ab72f177-b684-46c5-ba52-99c25f9dea0a,2024-06-14,Shipped,14.96
1f1e03ea-0313-447e-b44b-99e21adf13a3,6df53512-19cc-4abf-af8a-f7ef6934e55f,2025-07-10,Shipped,33.25
9df10d31-4ef4-4e03-b888-9752763a3aac,aac7915d-90ca-425b-b8d4-efd5bff4f1e9,2023-02-02,Shipped,54.95
14c7cd45-8061-4f4a-a714-9631ecc48b0c,4487537a-8f24-4406-ab42-34d7b15fd7fb,2023-02-03,Shipped,31.76
9f1376ba-36c6-4ae3-855a-4c1af38b7bdb,7de00b64-bf13-489a-b21f-27e431d5fada,2026-01-26,Shipped,41.74
9ecb8327-e938-431b-8316-5cea11391959,aca3e980-4ed0-4eb7-91c9-b6c3afcbe8ce,2025-07-07,Shipped,26.8
e6553115-c73d-4609-92aa-84b4470b5f7c,74e4778c-b7ac-4798-ba5f-e7e5a8cf0d5d,2023-07-04,Shipped,55.83
90fcec2d-6787-45dd-ad41-858bcc23f847,7663d79c-eac3-4e41-8c83-7c547b13f91d,2023-09-23,Shipped,77.33
b05574fd-e41e-4fd9-a692-8edb806e5f13,7bcd7d49-fc8a-4b47-bbec-9778bda41cd7,2024-12-27,Shipped,518.71
33227f2b-b29f-4d73-a3ae-c831c6d49c34,0d9bcbd7-cfce-440e-a9cd-2c4e0d2cd7f1,2022-06-13,Shipped,38.78
92345a3f-9fa3-4d7f-ad75-db0fa1acf6b1,1a5b3974-49e4-4d6f-873c-488c40d53cc6,2023-12-15,Shipped,447.27
b458de3d-18c9-4b9b-bf1a-073573ca7623,24552752-c010-4ad4-8d10-31cbe225adc0,2023-07-30,Shipped,100.28
1d226634-0d19-4b8a-82f7-6002db9217ff,66ef96d7-f722-42db-8e9e-ff3bbc67a638,2023-11-17,Shipped,259.34
7a7bd7d4-68a1-49dc-9766-3c1b381b5a05,c2bfe4f0-6980-4e99-a3bf-c2b25486d861,2025-01-31,Shipped,19.34
bccbcb11-e4d7-47fb-9075-8d7f97495ed3,c5c8fccf-8f60-4912-b72d-fdb006c8a180,2020-11-19,Shipped,125.75
ee854410-7bc0-43e1-b364-12e61136caf7,62378117-a1ee-4fe7-82e4-ced4e979acc8,2020-11-19,Shipped,33.95
d002db4a-124a-46bf-81e6-81889238cefb,1c81f8b8-b779-4434-b894-0eef16e46a82,2024-08-02,Shipped,86.04
f6769c07-a3d3-42af-b40d-345dd5adbf6e,be5c41fb-2a24-4eb5-9b8b-3b2a1520c2ee,2025-01-13,Shipped,391.49
8dc60cb3-f0ac-4709-adca-0dc85d225a79,afd89c93-6326-4515-9629-6a5fa53a6778,2022-01-25,Shipped,43.78
b8574929-7ec8-4107-8bf0-ca12ff58f12e,ff93cd08-19a5-4566-af23-862f3c0366cf,2021-06-26,Shipped,118.43
acae5b49-1c11-4358-8f78-207c7705c9f2,1faf9fff-1c09-47ea-923e-af8b0e10c457,2025-08-05,Shipped,168.14
18f9fac9-325d-4c3f-ba7c-4afb8dd34ddf,ba95a61b-585d-4c79-9303-8181434ec1c9,2021-09-23,Shipped,169.1
ab10ac13-404c-4b53-95eb-dc35f7e6de59,bf91962c-59b3-4873-bcae-d0046e228dac,2025-12-05,Shipped,38.5
80b25f9f-edb3-423d-9883-a76b25e4c8cd,2b0dce1d-a127-4c88-932d-468ac5302e29,2023-01-20,Shipped,66.36
bdeb42ac-f83f-40ee-8a4c-51dcfb2de668,9df685c4-d986-4634-91cb-766c9de50b0e,2023-10-26,Shipped,260.61
e5093480-2136-4c39-b1f1-eef5aacdea8a,80d31d5a-de32-4de2-8a6f-42aae8d99658,2021-06-28,Shipped,15.52
82a97e9e-10fd-46b0-981e-3fed16d8fae2,74620755-1492-4842-beb5-370776056ede,2024-11-22,Shipped,414.25
9163bfac-2faf-4452-aa80-46ae9043eed7,683aafb5-980d-4beb-ac91-b1e6c0b62abf,2023-11-28,Shipped,220.73
d8e01069-338b-4c00-9a94-bdce6b869087,9cfe5d24-60aa-4ab7-b772-b4632585fea4,2025-08-25,Shipped,50.5
2b569ac8-b502-415f-95aa-ac9b383ae34f,f4984c34-9cfb-4d03-bc67-1099611055ae,2025-10-01,Shipped,20.2
e841bb56-6cc5-4dc8-9a0c-09d01670a1ea,c7556741-499b-4d22-8258-09ca0b339c3f,2023-08-03,Shipped,287.7
04fc0e0c-5f35-4f55-a129-2e1e39eac48a,21a4d6ab-3019-4cb4-9888-a24eba715691,2023-11-09,Shipped,179.43
816be16c-4641-473c-b758-486a2e235864,880e66dd-83db-4b8f-b886-eea5ed549ef8,2024-04-26,Shipped,96.55
6cf64997-695c-4b50-8ce8-8e636643e5cd,ba861bfa-4dec-4b15-870c-489c3883e17c,2022-11-15,Shipped,86.58
a3579176-391e-4da5-b475-fe8b820c50ed,37dedf9f-227c-4ebd-97d8-054d16334e22,2023-09-19,Shipped,97.27
a23a2175-f542-422f-8e09-9845a287c37b,f4f1b47c-bc45-4d03-bfe4-8ba198e5ae05,2022-04-04,Shipped,28.88
f9cc1871-7573-4325-9051-e2d5e5f1dd67,04317217-f43a-4de7-b4da-15f52d9bcffe,2022-06-16,Shipped,87.96
780354fd-4cc7-439a-9054-76d1b4b384df,40d42cfb-f450-4a33-945b-e170c963f8cf,2023-08-04,Shipped,34.79
deb8fc58-55d8-4711-b5b3-f65beefdb958,d7f3806b-cd47-4222-b0f8-ee750abfef54,2026-01-29,Shipped,13.9
7ceceb8f-a5b2-4bb9-94c7-2f5f1619e5d9,e03238cc-d959-4b2e-b83d-72841c40c9aa,2024-12-11,Shipped,115.78
1984c57e-cf65-4cca-b1ae-8a2760c78431,3382a629-cd2d-4328-b17c-75405f46b608,2025-12-10,Shipped,56.35
352b2aaa-508e-4822-a000-4115117f8342,67a3d24e-b86a-424d-b753-94554caa2200,2025-08-26,Shipped,149
a811f0cd-4f21-45c4-ac41-727ed57094de,6082cbfb-5e94-47ed-8c10-8d36ee7d5c0b,2021-08-06,Shipped,219.6
867b32f9-33fc-4b91-8fa7-0f69a35a4a4f,56f77fcb-6644-417f-ab40-8fb9d6ab644e,2022-02-16,Shipped,140.36
2567638c-6086-4091-900f-a4bc421cf0e5,bb4cde18-a3f3-4f01-90b3-ac3b05b00698,2022-02-22,Shipped,61.7
2648cbdc-8168-4df1-b46f-603634e3707e,d20660ef-5d13-427a-b761-6323a762989d,2025-07-08,Shipped,276
258c1241-a4d8-493b-8f46-b653a10c12d2,151be56b-b6f3-4528-8143-ab6739874f55,2025-08-18,Shipped,331
cd60cb50-1290-4000-a11d-ad95a327d870,d6a440a5-d4cd-42b3-989e-18e43253309c,2025-05-21,Shipped,29.06
e90cda9a-83d7-4d08-9e17-8ae6908c4df3,84cf99cc-2921-48fb-9bcf-cff2f5de0296,2026-01-23,Shipped,111
3bafc178-dbb9-4c94-861d-e26ae34e1139,a245108c-0bce-47d1-8072-1f9bf84c3c1d,2025-02-21,Shipped,130.86
966b83ae-2cbc-4fe1-a2f6-cd27fa6e8180,ecd1c19e-46ac-4097-8255-633135448116,2022-03-29,Shipped,121.15
b2e7ca52-a5c6-4f15-ae42-d6bacd5e09a4,c1e33f5b-b031-4cf9-b8ea-bbf2714f0875,2024-12-15,Shipped,29.65
4a90a7e1-8780-421a-9f3a-d49d79a1d633,151589a2-75f6-49fb-894b-89b5ed758fe5,2023-09-19,Shipped,20.83
ca39de2c-c724-44f5-836f-7e009989fe84,06b66974-994b-457e-b633-da2023e84cba,2023-01-25,Shipped,59.96
25f73cfd-e2e7-4a62-af6d-e0163be0b7aa,daf62940-bc64-4308-9b02-99f142c90c2d,2020-08-18,Shipped,112.95
c790a016-bf84-4921-ae9a-ef336d89ef1c,9ab1e308-d496-4993-8d3c-ccd93f6195e8,2023-04-07,Shipped,68.64
a0745fe7-562e-42cd-859f-abb45f33f921,6658eefd-bcb1-4695-9705-cafc8b5fe702,2023-11-10,Shipped,191.92
460e8fe8-4292-4ec5-87be-82ea33658307,01e35164-d994-48ce-a4c2-75383f2b4321,2020-11-27,Shipped,25.25
22a2c4b2-8034-4af4-b7a6-d4907baf5eb8,6027c399-706e-44be-91ca-1f91e2334ee6,2025-04-03,Shipped,14.19
4dd92158-773b-41be-8227-7aeb152697b0,a126c805-5a47-4f44-a314-78aa971097d5,2025-09-10,Shipped,80.95
a29c7ce2-4f99-4e52-83ae-e8024586d63f,f46bfae5-4236-46a9-b5d2-d6232d2e868d,2020-06-15,Shipped,216.45
0c44bc30-9940-4879-a4e0-6820d46d1e82,23b9b60d-d4cb-4c2b-8c11-01a33f65fb95,2023-02-20,Shipped,23.7
23e7b48e-a667-4f26-8616-760048876d84,473906d2-772b-40f3-8ea8-2ce0fd747d23,2026-01-29,Shipped,22.36
07ae6119-f5f6-45c6-ba06-ebbaee9856b9,961502b1-5df6-4aae-b318-a04fd8252c4d,2020-11-04,Shipped,10.95
98764047-4737-45dc-b92b-e91618eb0c61,308ccd4c-57bc-4490-b7fb-264028072968,2022-03-25,Shipped,50.8
7af4f7d5-a25e-47a3-89c4-97a3e699906b,5e12f018-4634-474b-969b-dc94aae595d7,2021-11-09,Shipped,52.18
766c518a-bd69-40c2-a847-011bb5c91513,671eb851-ddce-49cd-bafb-bd930e0df5ef,2021-08-25,Shipped,121.99
79ca4071-46e6-45eb-b536-c9c92804c117,b7434435-1f76-4782-847c-8cfb04b62b87,2024-08-28,Shipped,58.82
800fca6f-e2b7-4dec-830c-ec0c0439a4b4,bfa04b13-5b90-4fbf-adaf-3df861544381,2024-03-18,Shipped,45.42
eb2a7178-5848-4c52-b1dd-d31572fb62f9,a370760c-9a45-4895-bb5d-599cdeab35b1,2022-07-14,Shipped,75.49
a259a1cd-5364-4e82-a115-b552656ec27c,05e07f7e-1464-4264-93d9-313c99e4e6ac,2022-03-30,Shipped,67.65
186efa82-571a-43dd-8cb1-0021b79a99cb,b4055944-08a2-4548-9f4a-b41b601bba63,2024-02-06,Shipped,42.99
74b11ba8-2d1d-42dd-9579-2e0ac0dd42e5,f0a89ec6-d0da-40ec-bd22-90805e71f637,2024-02-07,Shipped,125.58
032c4593-2e30-4278-80d1-df7489883f46,e5255b9c-eb2e-468c-94ab-390cd8c12fe0,2024-11-22,Shipped,38.72
88deca7c-4d65-4a84-8972-b0e1d5417254,f8471ef4-af50-45c9-b0ee-45bc18033421,2024-05-08,Shipped,14.74
a6a31815-3f02-4d66-a861-75e3da8f4f17,418b21e1-52b5-47ad-bab0-dec9e38b0a2d,2023-02-06,Shipped,137
40729c1d-30e5-41a8-b1d1-9c3bf1d9abd7,296b4e0d-23be-4243-a8be-937912e07dd6,2023-03-27,Shipped,82.08
8b38d07e-4d94-4543-9524-aebed97e3bbc,33ab3966-986a-403f-a389-841641e05e50,2023-04-17,Shipped,25.58
2fdd59b8-35af-4a13-9108-f6f458b1af23,1d421761-bfed-45bf-a1a7-6e5fdc29908c,2020-08-19,Shipped,88.2
ea00fdbf-c31a-444b-9487-43b16dcc4852,0579a84a-8b53-4f35-88d1-1561aefcdd67,2023-04-09,Shipped,10.1
69767221-b1d5-45f0-b891-fb19af6638ad,af20408a-1746-4f40-ac4d-f8b148ef68ce,2024-01-09,Shipped,0
a2d88f60-709c-4a08-85db-9637ccaf5a85,d53d7507-1cbb-45f0-b213-a122466f7306,2023-04-18,Shipped,28.22
55dfe5c9-02c0-4e07-a7e6-b3cf74302f9f,67573379-4bdc-4bb4-ad49-7541fdcdf049,2024-02-02,Shipped,0
929a138c-c502-4d9b-8fc3-93b20ea95f60,1b1f9e97-86e3-4219-b731-67090fa6481f,2020-09-15,Shipped,72.9
85668502-e389-4fe3-8e0d-cf59528b4131,b9e3a9d1-122a-4ca8-af4d-b712641243ee,2021-06-03,Shipped,20.6
051eb62c-d3c0-437a-b783-978b3d52a6a5,a2d570c0-9487-49dd-8940-7a1432c0c9d8,2022-10-10,Shipped,291.64
226bec00-98b8-46b3-ab06-65f23dd4bf1e,298783e2-a5fc-4538-a8ff-9ddddeb70816,2023-10-18,Shipped,367.54
9905f59b-82df-4327-980e-89c58f037a14,e9956ba4-9f4b-4724-a23e-24131b415349,2021-06-08,Shipped,0
12f282b5-e613-4ab0-8bd3-2858772f04b5,62f77f09-4642-408a-bbb9-5d85180931ac,2021-06-11,Shipped,23.6
1ddb5229-c06e-444d-9961-3cb0aeb1d989,cc8d12ea-f83e-4600-80a8-fe30eab76934,2021-11-16,Shipped,20.75
4a07dd26-a8c6-417e-bc40-22c46438087a,5ad21401-0dda-41cc-9139-3880c089619c,2024-12-23,COMPLAINTS,-232.04
9c75fbce-0646-4bda-90e4-a91828fe0d18,2b6ce353-931d-4dd9-b675-316d691c88c6,2025-08-03,Shipped,43.5
a9a298b1-59a3-49c0-8bed-5e51051802fa,146b3bd6-c401-4fca-b093-c732c430af4f,2022-06-17,Shipped,56.37
f63cdbb8-b687-4622-a016-357a3ddf7901,f87eec92-ef11-46a6-bcdc-6181a022209a,2025-12-07,Shipped,28
60f4f9ce-8e04-47eb-994e-0bbf2f478d92,5f276428-4871-44f3-8d36-c1381567a6d3,2024-12-09,Shipped,356.24
56effa5e-f00e-462d-942c-f4acc5542641,87bd4191-6226-477c-92f0-e918b99ce8f5,2024-04-01,Shipped,95.14
7b930d4d-f74a-4347-8144-c68a1835225d,8c3791a0-ead7-4793-a272-d4c0a1cb9f60,2024-01-11,Shipped,16.3
7e3e0af3-3fba-46f5-b704-018964d01eca,d945a10d-08f1-4baf-ae1c-d700b5c5284a,2025-01-31,Shipped,106.07
58182677-4270-42fb-abd3-bf56e812b581,3d22d4d4-bdc3-4939-85c3-ba0a3df30c18,2022-06-23,Shipped,42.45
94cf5e7d-3cd9-4c9b-bd7b-8f6383cb6aa8,2cf9a696-fcbf-456d-95d6-2ffbaf249fd5,2024-07-12,Shipped,370.43
75e905d5-c31e-4bda-9bb3-0c307eab0991,8cf13897-8b46-45d7-8a11-ddaa4572cb29,2022-08-21,Shipped,33.63
c3cef362-4c50-4f82-83b0-f55485727a7c,81f05c3a-ab6c-4287-b6e5-c5811f44caf8,2020-12-18,Shipped,40.95
edb42e43-00b8-460d-8ab1-49b628e00f3b,853f6743-eeec-4ec1-9539-28676713c2fb,2023-11-14,Shipped,56.14
692ef954-d78f-44fa-bdc5-fe44c5db3326,8a83befd-526c-4301-89da-e1b5ed575d95,2025-05-27,Shipped,56.83
985df2b4-289e-4f2a-a43a-acb65f77133f,1fa69cab-1884-4cc7-91ba-43df7059e8d2,2022-03-30,Shipped,24.18
3270cef0-7b38-4462-878e-a31dda600771,90a3a326-88c3-447e-8e07-396ebef42e90,2025-03-08,Shipped,18.44
8e149c36-a381-4466-a109-0c1b966da460,23469869-9109-4430-ab27-1c27bec0769d,2023-01-11,COMPLAINTS,-15.21
a570e4f2-260a-441d-a918-e6b1637b26df,7c00442e-6531-4cb9-b26c-00c01a5dff61,2023-11-14,COMPLAINTS,-111.38
fa67a664-a861-46bb-b57d-3f04b1594315,3c0e3ef2-ac95-4adc-a975-76dbdbdc2db8,2022-09-15,COMPLAINTS,-16.59
f42c3ea5-e988-42ca-b5e3-c9b0fc19b850,03f17970-19cd-4c78-830e-1aff98f860f0,2025-06-27,COMPLAINTS,-27.5
a340b594-58c1-4fb1-ac05-6a73b0645c69,9cd3faea-96c2-46e5-b932-fbcd6db25eba,2020-05-06,COMPLAINTS,-351.65
34db44bb-c01a-4efb-a025-8703c815d71f,3554c65a-b9b0-4f3b-85c6-b53091b8971c,2025-03-10,COMPLAINTS,-384.3
2b5f76e1-d4dd-4d65-9627-3a25f50b4a9a,30aeeba9-1ed9-43ad-be44-46d0fe5ed752,2023-08-08,COMPLAINTS,-68
c6bd2385-cc08-45e8-894b-3320baecf6e9,318e6517-9ab1-4a61-9fd8-f8aa9cebf7be,2025-01-30,COMPLAINTS,-8.52
12a0275b-f29a-4515-b14f-d4cbafebc9fa,ad29807d-f093-4c07-b272-bb1979e74abb,2023-12-19,COMPLAINTS,-628.05
ca1ddf10-3be6-4d26-a980-5e587bf6a276,b494b30b-b54d-4d74-834e-10fd0671820d,2025-10-02,COMPLAINTS,-25
6072a93e-2b0f-4a00-88e5-5398f5d47307,578068a3-ce05-405f-a740-a113877846bf,2025-06-24,COMPLAINTS,-50.5
00055666-e8ed-4852-b5b1-527b5511c9d9,9cf2f64e-7107-4a84-af23-5cf7f838d541,2024-06-11,COMPLAINTS,-81.3
c8604b96-57ae-4aa9-9d24-940de02018b5,ef583dfd-e8c7-4415-9281-0f797327fcea,2022-09-20,COMPLAINTS,-70.14
5263c130-6da1-416b-9c61-79b4fc356a79,6f3564ab-faea-467d-9339-64cf2d0752ec,2026-01-12,COMPLAINTS,-169.6
67e48488-f786-43a0-a60d-d15cd5330dbc,10da4e8c-2b04-4cca-b228-6ee4e3ef9147,2024-05-03,COMPLAINTS,-82.29
46da95c5-6f05-4f5a-8a58-2132087f5d15,a545aebe-2f0c-46ba-8dca-a0d2357b738f,2020-11-06,COMPLAINTS,-765
5eced1cf-6ff7-4356-9923-d1a33d3b9566,14e1b9d4-c8c3-42fc-be8c-b23b151da94e,2023-11-05,COMPLAINTS,-280.65
e350812e-5bfa-4e9f-a4fc-83292ffff6ee,b20b845f-12ca-4d8c-b20e-41b92b769356,2020-04-22,COMPLAINTS,-157.5
6a9ed4e4-a1d6-4a00-bc9a-6ffe390cf322,354220dc-013c-42d4-b6c3-44b97b79e6c8,2020-05-04,COMPLAINTS,-15
277c76b2-9be6-412d-9c0e-402a0f0d3aee,64c6e7ed-1008-4d7e-8d11-b9c5a5240e7c,2023-04-13,COMPLAINTS,-63.45
1b63ac48-c8c2-4b73-9e85-675d32093248,a91e12ac-bb33-4710-ac3c-918eb710130c,2022-06-27,COMPLAINTS,-97.48
4d3eebce-784f-4c44-921c-a5a3876562de,1585dc02-5e0f-4746-ae11-4c06818908aa,2025-05-07,COMPLAINTS,-36.5
8d8e7b19-2f23-4d5c-8b5c-4917784c5552,e68c943a-a257-4e83-ad48-81b5f2bab8c6,2021-09-10,COMPLAINTS,-90.78
3c93ad4f-ca8c-47ee-bb3d-d2544b383624,d8665a5e-8937-4aa3-8fd0-4ec3c52a3504,2021-02-27,COMPLAINTS,-23.5
366134cd-65b7-4af3-b761-12fd09fb3e49,e871e440-08c9-4421-bb0c-d64a2ad0c874,2024-07-14,COMPLAINTS,-24.01
f19645c8-3b75-479f-86ab-3157997c8eb1,a8bef816-5fe0-4518-9cbe-a6f0d724034a,2020-08-01,COMPLAINTS,-3.3
6badb9b0-ee75-4515-9ccb-8a9ab4d6c4b6,cebd8164-2811-4f12-bd3d-6d250b4493ad,2021-09-27,COMPLAINTS,-57.41
513c672e-244a-4a47-831a-568855b2646f,7865845b-525b-489a-b8e5-67b4c28355c7,2026-03-25,COMPLAINTS,-6.74
238c0f4f-3790-44fd-a973-eff0b41d98f1,4a31a174-bfac-4e24-aa28-bc4a76cdfc0f,2025-06-12,COMPLAINTS,-80.76
d22cc37e-dd27-4ee0-b46e-460bd49063ed,720ffdc2-e47f-4f41-ae9c-5ab29e8bafdc,2021-11-25,COMPLAINTS,-3.74
b301cc01-72af-465f-b348-7c3bed109a38,74d65404-e351-4d25-8096-1b34407425ef,2023-05-23,COMPLAINTS,-6.13
4e39ba06-a2f9-473d-9e8d-8bfee579bbe5,5e14b46a-180b-48ff-a67d-2887e5793541,2020-07-06,COMPLAINTS,-5.77
f26e65a9-aade-4736-9261-b811fcd709f4,9f88fdc4-e62d-469b-b005-c15516889927,2024-06-03,COMPLAINTS,-215.46
a0ec8b82-8667-428a-a7c5-df38a3a0e673,bdd2bb00-62b5-4912-a5dd-aec4e96cd7ed,2020-06-19,COMPLAINTS,-28.05
be9ca63b-6d31-4a7c-8644-8b9c30b280aa,8f6adf6b-b50a-47ae-a5d5-60f8af514426,2023-01-10,Shipped,98.53
83e52094-0684-4272-8e7e-d297e08bda63,ceef6216-cb7f-4105-9b24-c7c235fc56f5,2024-01-19,Shipped,247.68
3bed0a30-b574-4f83-a0d8-0e17ff8d2cec,91fa5510-df4b-4965-968e-2818f7719d9d,2022-02-11,Shipped,55.51
20c0998c-d24d-4845-b38d-557d092419b8,a27cf255-deab-4dfc-9828-0b00a77e500b,2025-02-18,Shipped,220
9d2f4335-6ef3-4f86-a00a-b0235dfe4f92,c361f1d4-650d-468b-956d-93b796e7379b,2022-09-23,Shipped,157.11
dad89b8d-15b0-4f05-b0d8-ff18a771e23c,fc00ad72-918e-4990-953c-dbb1b7b526b0,2025-05-28,Shipped,125.52
2628fb8c-2d8f-4190-90ef-bcc51eacd01b,71cf9028-800a-442b-b9e9-780c3e8cc4d2,2023-01-13,Shipped,77.33
b2acc249-689e-4b6d-ba09-ef73c49fac67,9ed5d755-68a1-4c40-ac63-ad47c32d8d8d,2026-03-31,Shipped,0
b999cc8d-b0c2-4bb3-8125-06d240bdaea1,41db1f51-3801-4a40-a22c-704d6a912aac,2021-12-01,Shipped,66.25
3daadd3e-8e6f-4a4a-adc4-9d02cfe942c0,3182af53-c108-4e42-9765-2c84b560774c,2024-10-10,Shipped,134.6
9baac3d4-934c-4c1c-88ee-4045679dee36,c12a50ec-0204-43b2-8054-704d028d04b6,2023-06-16,Shipped,1299.87
9fef37b2-830b-49d8-b406-207b3e6b4a3f,d4ccf3ae-a778-4bcb-a581-62a938e12a85,2022-04-26,Shipped,135.48
8b19ea37-af14-438e-acf7-0d7e8bd653ab,1073ee01-f519-4f1d-bd5c-4b221c34209d,2025-11-11,Shipped,239.5
17d66f54-6e53-4551-a121-54b6613cc7f7,9ab1a153-447c-426a-9094-36e7a536a4ca,2026-01-11,Shipped,33.25
7cc5b740-4854-47d5-8b73-92f3fcff7d60,6b564e96-118d-49c8-872d-b865a526e37a,2022-11-29,Shipped,63.56
7246992b-819a-427e-ac15-e4858c7de490,03b137ef-cce0-44f3-8e2b-d139a8c0b249,2022-11-30,Shipped,12.2
e009c62c-1854-4036-be76-22eb97dd698b,26b2150b-0e46-410c-ab19-e7a393994c6a,2021-08-26,Shipped,373.32
f2849277-749e-418c-8146-3b82c780220b,69e4ee9e-f87d-4de8-b41d-c23f74374f66,2022-09-15,Shipped,379.2
d5d50ae3-b7c2-48a2-9ccc-40094fbf8e1f,797d04bf-6f63-4fa0-aefc-d8dfb41ca3e7,2025-04-03,Shipped,93.94
d46532ad-993e-4a95-a2ba-2ef9a49fe7b0,d74189ae-ff7f-4cda-83eb-1615133e3c31,2022-11-10,Shipped,52.92
f3c5b810-cdbe-4077-b6e9-e717e16546c0,eaf3c823-f83e-4f0b-b755-613698d834fe,2020-08-14,Shipped,156.75
d3e25df2-27dd-441a-a5a6-993e2b254146,6f942db9-52cd-409b-8875-65327943a71d,2025-07-01,Shipped,25.75
d82a26be-1f88-4410-af24-6fb6252d1f34,6e3c268f-c59a-4491-b0b8-84845b5cc235,2026-02-10,Shipped,170.79
0a83d3bf-34b6-4d01-b95c-f612abd00657,bd867080-0dd1-4309-9c58-28702493a738,2022-03-03,Shipped,100.88
bf1c48dd-8849-4deb-b09b-6a06cdd6f7e8,1db759cf-519e-4e31-9d3a-459a5bf21f93,2022-03-02,Shipped,261.09
5c5e96ce-e200-41c7-8350-7331cade1df1,bd27ddba-511e-4672-adfa-dc712a94cee3,2022-03-07,Shipped,86.63
638e0808-1703-4d11-a8d9-def71ccb79a3,3778ed97-aa1c-4e3e-8c80-f86016ae9b4f,2022-05-17,Shipped,28.7
add9b738-0aed-4fc9-83a0-912f917a2f6c,22039c00-3c81-45df-af86-a7023cf78bc3,2020-09-13,Shipped,179.4
cca6b0eb-b032-4179-bbbb-140e0dc73834,ae6df293-e1f9-44ac-b938-bba15f0d96af,2020-09-15,Shipped,26.9
843da39a-f54b-4aeb-a7f9-4237637487c3,c367f88f-51cd-4e85-a4df-51abac615347,2024-04-02,Shipped,16
2b0f8359-ee41-42d6-bf81-4ea01dc18c0b,41d2624d-9f5d-4e86-b343-0901c1ca6252,2025-11-17,Shipped,28.5
05b46971-15fe-4f06-9873-831bd0adcafb,c86f2a67-acdb-45b8-b0a8-8a73cff08954,2026-04-07,Shipped,0
f415c8ba-a774-4b1e-a6f3-a51aa8cb6c63,82c21d3f-dfe0-4d29-9dc2-a15daac41d1b,2020-11-17,Shipped,23.71
cefca698-8f8d-4252-bea7-92f7c0edb41a,831f7cef-a01b-471c-b0b1-bfe45a128412,2021-09-07,Shipped,98
cc6beb22-2b7b-4505-9c7b-8459210f4de6,88e514c8-456c-4110-8479-0f916effa41d,2025-06-13,Shipped,288.15
92f13f8a-7e09-406f-93dd-4e757304a15d,9a80218f-dd94-4443-ac46-367247bd7aa0,2025-11-19,Shipped,0
51521a81-ce31-46f8-8644-9789b09e4787,d4abb194-e29b-4c93-bf35-cb241a6317ce,2022-05-25,Shipped,289.46
72fe891f-f77e-46a9-b885-73c883552f74,6e9f5a31-f25c-445c-9f41-213f32f76efe,2022-05-31,Shipped,200.41
2318cbc2-0c39-470d-897e-489280ac7d88,ba31087d-5854-44d2-bf62-77b61313f1b3,2023-07-25,Shipped,82.24
fcee69c1-6735-4634-9abc-7685c6fb70a3,725563d3-6e48-441e-9bff-6c3ae940ca4e,2025-12-06,Shipped,514.49
0338643f-8ede-4f9e-8ca1-6ccfd0f67fa9,85aec7bf-eb67-402e-b8d8-5ba5116c8df3,2023-03-13,Shipped,60.36
28797e23-9ff3-4bb7-84a7-16155aca7d68,1474520f-3342-47b1-85e0-65822be51da6,2024-11-26,Shipped,70.99
48be25bc-bae0-402e-9d5b-b5dae0fed79a,5639fc99-8f52-4a40-8552-59e8100848aa,2023-08-11,Shipped,37.56
a2ce5d18-abbd-432f-9ccd-a6ba65769d2f,b79e3bad-23d8-400c-a141-43ee163b6e5a,2022-03-18,Shipped,52.31
e55d8ffc-bc7e-4fd0-a673-48c023ced2ae,9bcde243-7969-4609-90af-bf65c9cad3ed,2024-07-25,Shipped,119.18
b2b3b207-1dd4-4758-be96-337ece3b9bf8,dc203292-ea11-477e-abd6-3e19906155e2,2020-08-06,Shipped,290.88
36737611-33f2-4447-b293-e3c32e1fe67e,1320a3bb-ca53-4a9c-9569-cf747590fed8,2021-09-11,Shipped,19.14
8d7d9e75-1954-4ee6-bc78-ec8bbd1da20f,a9eaea16-a7fa-4a10-b099-fa5b0d5d6c86,2021-07-14,Shipped,19
6e216864-f10e-4df8-b4c7-f8dd71a4576c,2bcc86e5-d3d9-4835-8b71-2bcf8c263af3,2022-08-31,Shipped,49.57
e656b24b-5958-4dee-9ce1-9287921e120a,d0a31964-7f81-4330-9399-d729eeeabeab,2022-05-11,Shipped,21.5
624ca093-61fa-4a17-8823-db4cc199ce49,4d047d1d-3cf2-46b0-aaac-4f4c334c21ef,2021-03-08,Shipped,34.02
226bac4a-110f-4caa-bff4-9db4918c227a,91306a82-80c8-4984-a5e9-82b261775954,2024-10-29,Shipped,900.78
3a1e262d-59a8-4a8d-ab82-23f58e982c43,ce261b4e-ceaa-4ab4-a2de-8c22c404f3d3,2022-02-07,Shipped,107.62
630d43d6-cf3d-4077-b043-38d0f656849f,e167c9d0-43fd-42ea-8d32-7e05b30e2e42,2021-10-05,Shipped,24.57
46cff7df-a2e9-4248-9c9b-9cd1f0304e51,3be80d20-aa00-45de-b997-0610998426c2,2021-10-21,Shipped,21.34
6180384b-b40c-4493-85f2-4484ad5c1572,edb563a7-05e9-4858-96ff-7a9429afe2b5,2020-09-23,Shipped,36.4
13da31e3-a572-479f-8a3a-79eed9dc9cdb,f5d7ac49-6c1b-4fea-b917-0d873bd9d1f6,2022-04-21,Shipped,65.48
b9999391-0303-48cf-b195-d760835d4f16,ed8faa13-8754-468e-b90d-81b8b4f4fb12,2023-03-28,Shipped,177.41
af419c7e-0725-4815-8565-fc08b6a3738b,d4689eff-86e4-4583-9fb7-44963fbf3648,2024-09-18,Shipped,245.52
705f1595-8289-4fe0-918a-a1e9452082bc,81ff2c62-45fc-42aa-a807-9f168bf6d36d,2022-08-22,Shipped,38.78
716f0613-f291-476c-8cbb-7db521c935db,22becc2d-8e36-441b-bd28-68138a5e48bc,2023-03-01,Shipped,1240.26
406c77e2-64eb-4844-bcad-9dae6a3020b4,1073ee01-f519-4f1d-bd5c-4b221c34209d,2024-06-27,Shipped,63.27
eea6e36d-b874-45ad-867d-ed1f33b1c0b8,5fdb59e6-9b08-4d26-acb2-7977a8e1fc1a,2020-09-24,Shipped,308.16
2885b9f8-2ae2-42be-83f1-ef286beca14a,604b081b-7dc2-478a-979c-17288c5431d8,2025-09-04,Shipped,42.75
ad168e10-5ac9-4e9f-a7a2-d83cdbbc57db,53ae1f81-7014-4420-93d3-02d4cd97d82c,2023-05-30,Shipped,168.84
d5fc2144-ab20-4e10-83dc-360c232229c4,1ab3767e-c549-43d9-bc9e-99f3d5d79450,2022-07-13,Shipped,2353.92
c3df8760-5791-436f-b007-5eb587a482b7,1c0d0b8d-57ea-459d-acb6-2519243b9b9a,2024-02-07,Shipped,111.84
1302f063-ee12-4981-bff2-e480544edbd3,61db2af8-d5d5-4a8b-9461-1269fcc94ddc,2022-05-03,Shipped,3451.6
c90cd189-5823-48fb-9a72-1a64e9954020,897f8459-a68d-4507-9e7f-df6a0ce6f6e5,2021-06-10,Shipped,170.85
3ebb511d-9f29-4d25-ac5c-4f8c08c01ed3,aa88d008-e616-43b4-87bb-8b8b134a27e6,2022-12-18,Shipped,77.59
765061e8-9be1-4e8f-907a-e97f47090c14,504870e4-b9c0-49ce-b69a-91bb62d70378,2024-08-27,Shipped,35.61
00cec8ce-f95f-42f9-8599-2081f5a48542,1e514c31-a63e-4276-9e63-a167a74dea35,2022-04-25,Shipped,25.45
3b5f2684-ea4f-41b0-964a-edaa453f4f2e,e32d5e2e-eae0-4472-875d-44d0d5a5f7ba,2022-09-14,Shipped,96.36
250c8b8c-2c70-4ed8-ad5f-b38c6c910d51,26fffc52-9106-4bca-adf2-c39e706f07f9,2022-10-02,Shipped,318.75
a6345b93-30bf-4b69-84f4-03fb55111c1e,065d80d3-76fd-40b4-87b1-bc0bf9234795,2024-10-30,Shipped,25.52
ef0d4c72-2273-4af7-bfb1-34c476c8c557,80f3dada-f07d-4cfe-804f-552bb3af6891,2020-11-11,Shipped,23.96
41e76d1f-5734-4eb5-95f8-8ccee5428013,07d6c5d5-94ac-4da9-bdcc-b4c35df8031c,2021-03-30,Shipped,288
0f559e95-5543-41b4-a9fe-bb74674a7d3f,526e27ad-cd3e-4498-848e-c22e4eece317,2020-06-16,Shipped,73.47
2222d310-141f-4aa8-8885-6cb8f44e0acc,40dd27f9-84bc-43f4-8cac-b3d6b850b31b,2024-12-02,Shipped,11.62
fccfa930-40f8-40e8-9b5c-d078f1de941c,ca582c56-07af-46b3-b899-b63f8cdb1636,2024-12-03,Shipped,40.46
748d1687-f9a8-4bdb-b4e5-87a3d1b3f2f4,c568e58e-0439-4907-95dd-c76d00cf52dc,2022-05-17,Shipped,135.03
5c0f5217-e4d0-4ac1-95ba-58545fc6591a,5c50f6d0-9143-4d9e-9b7c-dda6b60e5852,2021-03-13,Shipped,200.29
1afbd79c-d221-47dd-af39-eba90f44c3c2,f2b04e60-df0d-47f7-b6d5-100ace4edd89,2022-09-16,Shipped,37.56
9457facf-26d0-416d-aa76-ea64d6816464,1aecff40-b128-4094-9869-b52681d42779,2025-12-19,Shipped,120
366764f1-780d-40a5-9027-ede63ce7d865,6241279e-b0a7-46cc-981b-88577571e15f,2021-03-17,Shipped,25.49
984cd2c6-7882-4987-a78a-51c5794efe20,3e78c090-ce97-4a8b-87a2-cd155699bb9b,2026-01-23,Shipped,27.68
56342198-f77b-4025-9c64-3a59d6c66d27,a89d8e40-9eef-4ad6-b64d-4381ddbd508a,2023-06-12,Shipped,28.48
de8ce073-5a3f-4f0f-89d5-2f94632123d9,c4afaf0b-1e76-4719-95e8-96cffd745827,2022-09-06,Shipped,315.3
a9b622e2-8fe3-42e1-941c-8b0983ee0c0d,c58f79e1-16a8-4014-9056-2547153cf7bf,2022-05-31,Shipped,72
9edf0642-b2a4-4765-92cf-4d3d3b118238,cadc2fa6-c5fa-4dcf-a580-39cd0a3ad0ca,2024-04-19,Shipped,62.66
068eb587-e7dd-4950-92ca-34293c590643,ab87fac9-80f1-432f-8ac6-6e1d9d8444c2,2024-02-09,Shipped,18.6
29a6ee51-05d5-48b7-971a-960b54e19c15,eeadb684-a548-48ba-92da-5feabb8cf39d,2024-09-20,Shipped,38.75
6a80cb4b-4614-4b99-8a14-d5657d00f5c9,c8f35435-65bb-4282-bdea-f157c9b86e9c,2022-12-14,Shipped,152.02
78074a3f-ba35-4df3-974a-4a8080260a03,683bbf51-25e3-46ff-8878-9644da691fad,2022-06-01,Shipped,257.91
fe07dfaf-8ed6-4783-a078-33455783e3c1,cc21a1d4-6725-45f8-9302-46a6a523503d,2021-07-30,Shipped,509.81
a2df2ea7-8dd2-4247-95ac-ff0091af77e6,fbf5f789-7422-401e-996e-9d80e1cd9719,2025-11-12,Shipped,42.75
6aa85e99-b6a8-4cd7-a0be-9bd4558a905e,98eb40f1-782b-4fa5-8d5e-2eaf52614770,2026-03-30,Shipped,15.5
70677b36-105d-4d24-9446-a73dac0c9902,410affa1-ce9f-479d-b1bf-bc2d4876b2b3,2022-11-25,Shipped,66.33
0a234041-667d-4dc1-b9ca-2fccbbe2b233,8395803e-2a01-4c62-8731-4285487645ee,2023-03-09,Shipped,17.16
4f8a9350-5d08-4b52-8f64-fc44e1744e92,b8603e2e-f0f0-4fd8-853b-22925b37140f,2024-05-06,Shipped,158.19
692df157-6b6b-493e-bed3-e254c6a4d267,62d856d0-96fc-417e-96c0-065f1182b0dd,2024-05-21,Shipped,406.75
600d193b-3817-4f82-89d7-e64a6cd690a7,e94d0fc4-3dad-47bb-9743-ee4a28a89f5b,2025-12-12,Shipped,206.25
ac219132-f726-4b75-9ef3-f3b1ade9e0a7,cbfe5c69-ee76-40f9-aca4-546ccc5265ea,2022-04-22,Shipped,40.96
057e30bf-47e8-4544-be58-e009a47fa431,6232fb91-8986-4096-b010-a3460e8b7b55,2022-04-22,Shipped,165
248ed996-5dc9-4b1d-9d6e-adbef3ca49ec,351f82ea-dc8c-477e-8451-7871efac13d7,2026-03-11,Shipped,20.9
75a330a3-5c66-452c-95bd-f304c3628aa8,b91fbab6-4d77-443d-9eda-2fcf8aa9e294,2023-09-19,Shipped,56.68
dd154c1d-fb7b-4a8a-9c1d-4a5bc1b9fbe2,a92e5854-dfd5-401a-8e4e-5470c25cdd44,2024-08-26,Shipped,70.37
f42d1013-86e8-4d97-bdab-5ba0fe8d4332,e2ed2a27-e7b2-4ff9-b1b2-678a244c2a02,2022-04-25,Shipped,49.41
dfdcf75a-a0eb-4da1-bd01-9c3afed8337d,a156482c-38fb-498c-b996-575a52245d7f,2025-12-01,Shipped,39.6
a2633abc-7668-44ee-b719-c551ab705b4a,a0fa948a-de47-44c0-a757-2e5dd4f91e94,2021-08-02,Shipped,547.28
2a22b44e-1fee-469e-bb03-f097e20cfd61,9e102aeb-5bc1-4058-99eb-35e7fcecec01,2020-07-01,Shipped,265.25
2ea38a46-f55a-4687-adf4-62edb748dbd3,1d13df9b-89eb-4383-975e-4333c8335a21,2026-03-20,Shipped,909.04
16cc22c3-6e47-4694-8fc7-6b3ff0da4c5f,632b2796-94ac-4ff1-9920-e118f31bd955,2024-06-18,Shipped,43.78
500d0488-1cf2-4a1d-bf68-3f73552d8aac,b03aa342-567f-4b62-ac59-64dbbb5468c4,2022-01-16,Shipped,62.64
eac32302-1d5e-4088-a315-a368e7412aa5,d6da9f8e-d0b7-4d7c-8f38-29f7dae8e121,2026-03-11,Shipped,612
b736b7f3-2d8b-4977-8b7f-3cd89753c0b0,e7cbde7f-d564-4fad-aa30-57345253605c,2025-05-22,Shipped,24.57
da50226e-da06-4d90-8cc9-f30baad0f62e,235e1eaa-0287-4966-922d-80a849e6d74a,2023-07-17,Shipped,145.2
a3ccb7af-e35e-4542-bbc8-ecee511484cd,1b1b0cc7-8462-4a02-a0fc-dedb9dd6049c,2020-12-08,Shipped,15.75
ad999189-e377-4cf9-b1e2-03e727f2ccff,d064274e-d96c-4d3a-a6af-fa0231eb4826,2022-04-22,Shipped,114.38
66a66244-eb96-49a0-b82e-0baf2a3e701b,5034269b-db47-4847-a6d0-c77158abd12c,2023-05-29,Shipped,30.32
0f12c517-b1aa-4f4f-a68f-c5f85f9653b6,01220068-3339-4c45-852f-ad8be4797b6e,2025-06-18,Shipped,58.15
fb8147e3-6798-45ab-a1fc-b71c38fc798f,34e9505a-cf38-4b12-9f29-ecf018348414,2024-10-25,Shipped,36.99
b49dca64-baa4-4b26-a25b-f54b7a6084a9,5fb7c18e-9e95-4909-ae37-2e3a13be0124,2024-07-01,Shipped,351.83
2409456b-5104-4dc3-a55d-a52e28b156ef,db625ec4-ad3f-48cb-ac31-f1fd7c7095e3,2023-03-16,Shipped,714.41
fbf01ee2-817f-4e22-9593-f31645c173d8,fb271a73-d1d9-4dd6-b90e-0dcd81cf71bd,2025-10-07,Shipped,48.55
997b37f7-4127-4da7-855e-e84e8076024e,548a6488-2d71-487e-8da2-d91e5edea7aa,2025-07-15,Shipped,222
148e9dde-84e1-4954-a7f8-0e8bf1cec31b,7ee98966-e849-4d60-b0e7-5f44980fc943,2025-01-19,Shipped,301.92
ba15a4a8-6afe-45a9-b284-07c094678d01,d065bd77-9254-4743-89b1-69dd25bc362f,2025-12-11,Shipped,30.75
edf31687-6699-4bfe-899e-652106921c5b,da603ec4-4532-4f6d-a131-f3b5d3ca50c5,2024-08-24,Shipped,32.18
16d2750b-7078-4680-97f4-0bf6e477c411,0ea5811d-1342-4dfe-9301-21b52d316e56,2023-08-29,Shipped,135.22
64082505-4e43-4375-8998-46ac35e3b7b3,a0eb1d3d-aceb-4d36-9e26-acee08c44ac5,2025-01-06,Shipped,212.94
0ff1a492-6fea-4876-adf8-53d98f84eddc,98270a40-c035-4b90-ad69-d395c68b6a28,2026-04-07,Shipped,510.52
97bd7e6f-32b1-43ca-add3-3a8bcbe28b19,fc5051c7-a28b-4b55-83cd-d2469b5d6944,2024-04-25,Shipped,57.81
9684b61a-4621-4cf0-9fa1-6e8a33ca9fd9,34000c67-c4b0-4795-b8d4-084b6ec63c49,2022-03-04,Shipped,45.89
72a6ede0-b5bf-450e-8798-32a270777ef8,087c2a20-15e3-4b6c-9986-102691151925,2025-01-13,Shipped,44.88
63f097ec-1fc4-4be4-b412-19c3202d46e9,3dec40b6-3d4a-425f-bb00-a1e4c9564a9a,2025-02-24,Shipped,24.52
dfed5b9d-c684-48cd-a119-df6dfc8ed5db,40dd27f9-84bc-43f4-8cac-b3d6b850b31b,2021-12-25,Shipped,17.97
41605ae1-b696-4268-b075-bc3f46640eee,80f3a8dd-6c60-43b8-b87b-f62b7ea8fd91,2022-05-22,Shipped,180.65
1b93aa08-b176-4b88-9852-0ed38fad51fd,deadad99-adda-42b9-90ba-20dec37b8935,2025-02-27,Shipped,128.77
ee0b7a37-536b-4b55-9737-803e18c1fa31,f9964ff2-392d-45a6-b1fc-c3cedea1e0a3,2023-08-29,Shipped,572.35
82170797-938a-4af1-8787-f35c3235a90c,9746d343-47d6-44b6-93e0-4f7f625a4a6e,2025-11-17,Shipped,56.01
4073783e-a718-462b-8e6a-648eb206f1fa,f55f8bc9-3d0a-4bca-98a5-6aaddb6b359e,2025-10-13,Shipped,70
8fe02e1e-2533-41c4-ae7f-d38e21cb36c7,e4a60756-1af7-48a0-89cc-41aa46cb7014,2025-07-01,Shipped,40.5
fbba9dfd-a2e7-457a-a78c-c36fa841680f,0d1102f6-2f22-4e68-9d80-3e1d479cede6,2023-08-30,Shipped,52.95
e6ea1ad4-d9ab-450b-bdb6-6749196a601d,a5de9c34-3963-4916-b646-42ba6f1db0c6,2022-07-24,Shipped,141.51
9cd5ef55-757f-4106-b030-f053e0976563,06e148b5-fcaa-49d8-80a8-7ccb5948a3f1,2024-04-15,Shipped,29.1
60a654c0-7628-499b-9edb-62a996b464f1,988d5506-98bc-4c79-aecc-347e5afe3301,2025-06-09,Shipped,195.09
de42a574-9325-4664-a2f5-bfd92a316d33,bb1b3678-fe08-47b1-952c-5c599596ab73,2022-04-13,Shipped,245.35
da85875c-adfd-44af-9bbe-4cbcd9f218fe,dc8fdb85-1915-4963-ac24-4ad30e97674f,2025-10-15,Shipped,74.28
3b93ca4d-5eba-493b-a714-6783f75097c3,d343d7c1-f588-403e-bf05-7e87d73359b6,2022-05-13,Shipped,1347.09
13476907-ec72-4737-807f-7678559e6c92,0e434793-9f03-4b2b-a219-89b8daf9574b,2025-12-28,Shipped,914.71
c7524836-9b79-4e16-937e-d5ef6c997085,fb48fe05-e72c-4417-b793-41c1741d574d,2025-12-01,Shipped,71.62
2978c9b0-b76d-4b74-a2ef-6fffe8143eac,384167a2-576e-4f6f-b153-1bcfab56097a,2025-09-25,Shipped,108.05
6b946dcf-c688-4498-8e2a-f82e9dcd30dd,d6b447ed-72df-445c-b8a4-bd4ba172e46c,2023-04-06,Shipped,31.23
6d1a8b61-2513-4b53-8ddd-c99fea740494,6a7888cc-8303-4f0b-a83a-85975d8b68d0,2025-03-13,Shipped,259.76
16770b6b-8b04-4b45-982b-bb987bcdf83a,271cf859-f258-44a0-8317-c2895e5fe5f7,2025-10-17,Shipped,72.03
2a3f49a4-3ff8-45df-9cd4-4056a077fcae,ad031045-ce2b-48f4-831d-b29fb62fc49c,2025-06-11,Shipped,158.25
3fcf36b8-8607-4710-86c5-4eb17fb47d64,4681f96e-2c76-4a5a-b55d-400cd48a2828,2025-06-11,Shipped,461.6
1027609a-0887-4398-8851-fb5bb26ce05a,6d8807de-0774-445f-8a03-793c151a887b,2026-01-19,Shipped,84
14f636c4-f0e1-4abf-9001-78d0092967bd,90faf1dd-0fad-471c-9ec1-864b93c8f56e,2021-12-23,Shipped,10
e79a866e-228d-4cb9-8392-5bacff677d88,a8c732e7-3695-42a4-a8db-5f106f290c47,2022-02-28,Shipped,265.6
19afc3d1-d9b8-4e75-8cde-1e5d6a9f1b03,d343d7c1-f588-403e-bf05-7e87d73359b6,2023-12-11,Shipped,820.85
81a56a08-fb45-4588-aa09-3dc6a5caa717,55f4490d-3b25-411c-97a7-f263da1a7f97,2023-04-05,Shipped,61.26
d1d55fdd-d83e-4f3b-b9c5-025fabc6e141,903f6d8d-9b22-4e94-8c09-9938278a555e,2024-12-02,Shipped,54.03
bf8fe0ff-9f20-4643-89f7-44fe30f65cb3,8be17060-d158-464a-9c4a-aa275d347906,2024-12-09,Shipped,25.67
b1ce0c9e-b96a-4343-a738-447887a655ba,a7b8903c-dc34-4958-9085-c6d29b6fafc5,2020-11-03,Shipped,44
39f5d818-2bd7-44ce-afc9-b56885c9b29d,8e06f3b1-a2ef-4108-80ef-b4ebdb22c2b7,2020-11-03,Shipped,53
6838bf46-0a99-4743-8d37-2aa61dad5b8f,4f5f1968-ed70-49e5-b77a-2d0b71f5ee32,2020-12-30,Shipped,677.75
3ab89afd-cd97-4d5e-a4cf-5aee1b004987,6a1c3eeb-f5f8-4ad7-8251-556ab03f2c91,2024-06-25,Shipped,472.1
51525146-d0bb-4a9a-bfbb-c91b18afc7de,bc9d6d23-ec9f-41a4-bc91-5a6b70193732,2025-08-06,Shipped,141
35eebee2-6efd-4650-b7fa-3701b203451d,188a46e8-8205-4dbf-ad7a-1394b2c2ecbb,2024-10-16,Shipped,32.19
aac7a0b8-5727-4e35-afe5-0a2d6df9f42e,6cb6cc37-4ef0-4ebe-921f-7de34a2d3735,2023-05-04,Shipped,15.88
2d717e10-c1ec-4d10-bb4c-2e60b7ea306e,05b70091-8f6f-40ce-9fb9-bbc15feb6c0d,2025-06-10,Shipped,405.36
f5cf6b23-54d8-41d3-8c21-e0dfe6a9354c,5b56cf3d-3899-4a0b-934f-3a0390bb32ad,2022-10-13,Shipped,22
43dc2e06-36e5-4911-864f-2a0ce109a653,0a88024a-3088-4e97-ba04-36df4d17326d,2024-10-18,Shipped,83.34
a6bf75af-25ee-45aa-bf0e-3f465118cb3d,f013bd9b-f616-434f-942c-7957b911e463,2022-10-21,Shipped,58.62
4a2aad03-8afb-4de4-8d9d-38fc1496759e,2381617f-26f8-4c91-a0e0-5e925ecf77f6,2023-09-05,Shipped,39.3
b779c48e-29df-4d32-b501-1f03957e1125,dbb0a5d1-f338-4127-8552-b708eedf95bf,2026-01-30,Shipped,53.6
953e8e6a-c7cc-4074-bd66-d24105838d3f,efc0f4db-81bd-4c80-8908-2a1e2df7613e,2025-04-17,Shipped,76.56
a1230303-4a82-4df6-ba94-3465121475d8,e035097d-00b5-476b-94b0-236219514e8d,2022-01-13,Shipped,287.8
3b55561e-ecc5-4dc5-9e4e-2cc43922fdc0,4446e97e-103f-4dbc-9dd6-9b4fbcb4b486,2021-05-17,Shipped,293.5
a365d30b-c792-455b-bcc1-8cf0daf41a74,f216bd5e-f107-4dbd-a9e4-41b4db7c0c77,2022-05-14,Shipped,38.78
de0c21d7-5275-4b2c-8f13-002083ad3f23,02debd7a-b7db-46f9-8a35-2da8bacbb21a,2025-02-19,Shipped,41.74
01732548-f516-48cb-a2d4-8c1644e2f364,c848ca27-20da-4a34-a5c9-e09dff30274d,2023-05-08,Shipped,431.16
f1d99b7c-00ab-4d3c-9d3b-04c7b1d401bc,dea970c0-f082-40e9-9570-148e32afa7cf,2023-11-21,Shipped,418.6
9016b91e-c31d-4890-8a19-e2f038ecd7d6,06460f30-9b5a-47cc-a3a6-abcc902f10e7,2025-01-24,Shipped,433.55
41fa43ee-23a4-4692-9707-e5ce96c1e15a,ca767125-8d0b-474f-b5fc-24f7ed4b166e,2024-01-29,Shipped,160.17
6b5f0f64-5a0b-4182-99fb-beaeb6f8fa24,d4ec8605-b681-4b10-b6b3-a2d796ee9b51,2026-01-07,Shipped,54.5
8c5fcf7b-b7c7-4b09-80c5-5ceaa9ade967,757655ff-1f2a-43d8-9bdc-6e27e170d65d,2023-11-16,Shipped,101.2
5576657d-4d30-4754-bcd0-15d99ebabdc4,8ebedfcd-e429-481b-86c0-99a15bd050c2,2023-11-22,Shipped,75.29
7b81db99-79b2-440b-a52b-d8af8f4f12ae,cdb9c89a-0e13-4ddf-8b27-8bfd936d900d,2023-11-24,Shipped,0
54f0f233-b0e7-4797-b996-010f2d55def0,1097c7c7-1b17-430a-bab2-f99c7cea6c79,2025-12-16,Shipped,324.5
6176c9e5-1723-48e7-9bfb-d0270ede7a83,399826c8-f882-4399-bb35-92b06cb1c28e,2023-07-04,Shipped,76.19
7e69028f-7cdd-45d5-8fdb-52f5c5a6d2ca,8b5ad749-ba28-4f9d-9ad8-8bccd3635c30,2024-01-04,Shipped,68.13
296553dc-d779-4854-a185-f15da6457ed6,33b3aeb3-4037-481c-a468-a5e4873055e2,2024-01-06,Shipped,49.01
dab39da7-3f32-4956-8170-1db41adad46d,1495d473-bdac-4c30-843b-e9d4c5fe4999,2023-06-02,Shipped,167.04
2d3af238-248d-49bd-bf2e-278292f5ae32,57effbf5-fb24-4696-82c0-1d3c9ef4501a,2026-02-23,Shipped,33.75
1d502397-64c9-4698-a422-9ee474985af0,5281c947-0ade-42c7-8220-281c0d507388,2026-01-13,Shipped,18.9
61c0b2ca-b089-466c-8323-33f428f5e791,4d2e842c-da7e-43a7-a747-b233ddefe2a7,2026-01-25,Shipped,536.4
c5edce5e-1757-46dd-9399-f193c37f612d,2c1699c7-92ff-42af-85ff-03d1b7f50fc3,2026-01-29,Shipped,289.5
537f5684-f6fe-4978-9d50-a861ac341598,5e813983-12d8-487f-9ba4-c04064d4bf9f,2026-02-25,Shipped,38.71
0c67bd6e-70ee-4a93-afae-4abea938c791,070be0ea-94ad-480c-9776-d590c941253a,2026-02-25,Shipped,53
500eb5e8-800b-43a7-8540-1ea2cf6efb7a,ad1701ff-fa2b-437d-99e3-be79977283e0,2026-04-09,Shipped,39.25
616f3427-505e-4e94-997c-e41a9e9f3901,bf85885c-96c7-489c-be4a-2685fe1db25f,2020-11-18,Shipped,466.74
7ae8c82a-670b-4956-b179-1f2e9a05e181,e8234db8-56d0-4898-9d37-0edcc45eb1aa,2026-03-13,Shipped,21.5
6e3f6916-afc9-4113-94a3-04cc76f0bfca,53e46815-b422-4f28-886c-975462bd00b0,2025-01-24,Shipped,27.46
a31c78f3-9726-4803-9934-0b8eabe6528f,b7bb2fa0-3566-40ab-ad18-af8e0890b440,2025-12-05,Shipped,29.5
b3d80962-b9a1-4e84-b6c5-1e168ecc9de1,43d26ccb-6662-476e-ac0f-9880c96dc41a,2022-01-21,Shipped,26.54
4b52abb9-ddc1-488a-9f21-905f089cf6fc,54fc05bc-c3b7-4626-a9a4-b12fddf229f5,2024-02-02,Shipped,117.52
a785df3b-b391-42e0-b6b8-2e14e5e4ba8c,e0bbcf4a-a4e8-4084-b3d3-aa82380bacac,2025-04-22,Shipped,391.05
b17044b3-5172-4ed4-9c91-4fe77608ba22,9bd701a9-bf8f-4031-8b95-b4b1471a53de,2023-10-06,Shipped,240.44
d2669483-12da-4038-a1e9-dfa5125eca09,7fb630df-67d9-4134-843b-d72dceef25ab,2023-10-08,Shipped,173.68
9a8fc58d-2e96-41e9-bf46-8ad51cd3a16a,839f0179-f407-41d3-9671-2d4efacf1ff0,2023-06-27,Shipped,34.49
6468a542-435a-41f4-a231-eedcd248dc13,6b374ce6-241d-488a-9995-45cf69b02a9c,2024-04-25,Shipped,238.82
8f987c94-a459-4000-969a-0995ffbf422c,f6da221e-0f4b-4505-b0d1-7fcad3cdeb73,2021-10-22,Shipped,51.75
9e014305-64cd-4724-b8d4-250cb2fafa1a,c4b6c1cf-a2b9-43ce-94a4-09a7224f72ca,2021-10-26,Shipped,20.95
df303574-a1b8-4edd-8b69-18a3ce30d555,c1ff6560-2a42-4755-a180-1ab087a21c43,2025-01-30,Shipped,150.39
bc14be04-dc64-47f1-a7f2-806d5c06304b,7de361a8-4b50-4cf8-a1df-15ffbf2a035d,2025-08-05,Shipped,99
7c42a9c0-9d21-486b-a603-7eaad759050e,5bce7b91-ec37-48c9-a2b4-a2df36428513,2024-07-09,Shipped,72.43
f9b1cf11-9fc5-430d-aa36-7639782a5776,24acbe22-a012-458f-8fb9-d210bf33768e,2022-11-14,Shipped,61.86
c80fadb3-871b-4f84-a8e3-91ccf04b18fc,9bdd3ffd-2fee-48ec-a518-70b3cedbb0e0,2022-06-06,Shipped,79.26
1bce6a63-9d72-4a1a-986f-881cc58ec9de,4aa8fd2b-19ec-4400-ab4c-a8b70a767acf,2025-01-13,Shipped,71.51
9c67ead4-8574-42fb-9f74-02e4e0493517,70d0976e-7a83-4cbd-8c24-5f49ac16290a,2023-09-12,Shipped,46.52
210a0d9e-415f-4042-bbe6-7b4aa7272b73,1e3aab9c-7a36-4c55-ab5b-0be5f67ef6d7,2023-10-31,Shipped,99
5e82cb32-a729-4371-a7ba-01ce55d35cfa,26293047-0e8a-450e-acd5-d09a0fbc935a,2020-11-24,Shipped,12.95
68446155-c659-4646-bc01-5e796fe29e0b,054ba1bc-04e6-4420-ae22-d7cf26a41b78,2022-10-20,Shipped,0
c7fe7594-65ef-416d-ac5a-1609a0bcd213,d768987e-d41d-437b-94ae-63d6a4f61484,2022-10-24,Shipped,26.04
e7998558-94fd-4360-989f-29902e4fd154,83da3646-4788-4c6d-98d3-4bf646f940e7,2023-10-23,Shipped,146.88
d421510f-abde-4a85-a718-f17e5fdfda14,b25232fd-d1ab-4006-9c1f-0cb402250fe7,2024-06-06,Shipped,79.41
5ce1bf76-951b-4960-ad59-ecdccc8eeb15,744af3d0-3d9e-48bd-b615-18672f8347bb,2020-09-24,Shipped,25.17
e8192886-ad77-4d8b-ab55-50b0b422ec71,fb3adff3-bae1-4bd8-a138-7e8efa5cbc72,2024-07-12,Shipped,177.16
23800bff-2d54-4649-9d7d-c1e98f882428,5e898ee9-e5af-4f28-8df3-b045dcbc2c91,2025-01-29,Shipped,527.68
60993269-cea0-4553-adb9-1e0c7b8f1fdd,900751a7-8d15-4b48-a3d2-db3dea829917,2026-01-23,Shipped,78.7
ce744537-766f-4333-b04b-89a51d60cd00,67760fda-584b-40f7-b8fc-7ac63e537b60,2025-06-03,Shipped,580.68
f08b1cea-6e09-42f4-8ff1-e0ec28be7009,0db11bf4-83d0-4364-b6c2-d89ecc510797,2022-10-25,Shipped,204.7
057b319d-7c31-448e-9ea7-06b55ce47ad8,9b12bda5-98f2-4c13-928e-e94304b732b0,2021-08-18,Shipped,69.82
07d61c45-eeef-468f-901f-413ce0486e1b,a29e98f0-5d99-4046-a541-23dc7f7138ff,2020-12-10,Shipped,43.8
4ef88c67-d26a-4b94-b48d-c700c214b140,57cc8249-99db-485c-9ac6-f375781995fe,2022-04-05,Shipped,89.77
351a0161-887e-4b24-8f61-1594b85f801e,465e2a7d-b49b-4f0b-802f-4783c5677a4c,2025-09-29,Shipped,113
1d11f993-1d50-4513-b27d-1ee0c3ff768c,aad00144-b5be-4de8-bd6a-0af51adaadf0,2023-08-08,Shipped,75.49
ab6c6203-d636-4bc8-8689-35d8f4b4722b,a3e33933-65ff-40dd-84f2-e4ebcebbb241,2022-08-09,Shipped,134.08
1457be9c-0e3b-4910-b6e8-903a301852fd,eeb720d5-8fb7-4d08-8177-52dcd0cb9358,2022-03-21,Shipped,22.82
1cabcf38-2f3f-48fb-a0b8-117de26112c5,b2fd8ba4-c663-4800-8b68-b3b87eacf52b,2022-03-21,Shipped,285.39
7a1cd944-4376-4605-b16b-2e950fb77200,23430644-ccc3-4476-9df6-1184c1a19bd7,2025-03-06,Shipped,175.66
42a9e184-184a-46b5-9562-0dbe6fa90507,dfc046a2-26e8-4bf3-a307-8eea74a2115a,2025-07-01,Shipped,62
c94b2fe0-a537-4954-9625-dce53f061060,ba35f15a-da96-48c2-81e0-db53a9b43f26,2022-09-21,Shipped,116.03
7680d925-4e55-4003-ba04-9758a9aef5de,4ca6ba63-1917-4e71-b0c6-30857fd1c1dd,2024-06-25,Shipped,30.64
dc1a31f2-ec1c-4960-8413-0ad18ad02709,6165f91c-0899-47d0-b30f-3d8934984941,2023-08-11,Shipped,279.11
eb5aecc1-92cd-4cfe-8856-d95607988fb9,18be0de9-825f-44c6-86cc-69f1bf76d97d,2023-12-28,Shipped,1260.64
8bcd5e6a-1031-4e85-8afd-720729f5c111,38a4a843-8a6a-48d8-a36e-5fcdad390af7,2022-10-21,Shipped,22
dc84bbd9-d647-47ba-96cd-bfc937b85e57,ebb21b9e-9980-4b77-b78e-d029c7319853,2023-01-19,Shipped,1853.6
10ce1951-fb50-4073-b605-f00ae28a3d12,16b2dc3e-428b-4a07-bdd6-7a4f897c6e5b,2026-01-28,Shipped,479.5
370e4a01-133f-4b50-a6e1-ad9066a91ab4,cc1371ae-ce3d-42dc-86ce-1ac52d6362ab,2022-05-27,COMPLAINTS,-75.41
835e473d-a960-4463-a068-730e92dfa13d,7bd7e489-d58f-4d8b-85ad-f4ce50a1cf20,2025-11-17,COMPLAINTS,-36.5
2e618fb6-86ea-4cd1-8799-1b4d4b8e6d58,3f53acc8-ccdd-4b00-8cc8-a0755548a014,2023-04-07,COMPLAINTS,-369.04
2407bc60-e8fd-4518-b3dc-7ee9092162d9,483c558b-18d4-44a5-9b64-d1417c3dc1cb,2022-06-29,COMPLAINTS,-50.98
cd26a272-7f90-4377-95a9-882e1d4873eb,c8664e60-fd4b-46a2-a6e0-acf8fd541209,2022-07-27,COMPLAINTS,-19.53
4f471f21-4b9d-4658-bfe2-de46bdd21209,f7e5a990-e076-4639-b09a-bed4c4935237,2025-06-04,COMPLAINTS,-115.51
4884fe39-9519-49f4-8afb-4ebbcd54d091,a3a97ee3-df55-4f6a-9a3c-c26f3b60613a,2022-06-09,COMPLAINTS,-141.83
0175bd20-2dc8-4f3b-915b-49ce91d78e96,2f920c6b-480a-4ef7-8509-031de0369015,2022-12-01,COMPLAINTS,-36.02
5aff5217-9f8b-44d2-b181-2905e0c7c72f,15b81a63-f5f5-4b86-a5ba-dba99847a04a,2023-05-01,COMPLAINTS,-32.86
c387ea5f-89c0-4f3c-b5a0-4cc44f22bd43,be3ddb5b-6ff7-4320-8ea7-2c3bac394201,2024-01-11,COMPLAINTS,-8.68
e9b4348d-3645-4e9a-9a70-6a77eb5cf88b,19799e88-0743-40ea-9fef-875ef33ae8f6,2022-07-01,COMPLAINTS,-28.04
e092dec1-e335-474e-b28c-bed8705fa3a3,ae236687-fec0-4cce-a7c6-ca7ec3e8ced0,2021-10-11,COMPLAINTS,-45
276788e8-6728-45c4-9d4e-ff6c4762f758,6c2c58a6-5b63-4c7b-9af8-d0f54ed62cd1,2025-02-11,COMPLAINTS,-20.34
92d040ea-0037-4a14-89ee-1a8ff323b176,4b8ceac0-b0e8-489e-a663-6dfb0b37eba0,2024-06-26,COMPLAINTS,-75.1
f0b2b8e2-660f-482a-a393-623feddcf320,693cff49-d706-4573-a078-75f68b6e16b8,2022-08-17,COMPLAINTS,-20.17
4a6f465b-d0e0-4fc4-975e-1ab86d5381b5,97c64524-f8f4-4006-8aa1-8a74927c9a66,2020-12-09,COMPLAINTS,-13.37
37cf9a84-506e-4153-9bc6-bdb2722806d3,69071df1-9b3c-4ada-994a-36a71096b4f7,2023-05-23,COMPLAINTS,-5.95
69ed3cc6-0642-47b1-9180-145de75f6b4b,3e692a34-226d-4ccf-be7d-e5561d4882ce,2023-10-06,COMPLAINTS,-289.94
4a2969bb-c059-4ff7-a35d-08c7553a8f8f,120698d5-7898-414c-a892-f854a22b46e4,2024-10-16,COMPLAINTS,-46.49
8ece5108-c223-4230-8325-e9c346ea11d9,48131d5b-33cc-4e17-99eb-2cc1106bacdd,2023-04-04,COMPLAINTS,-557.36
cc76e8ef-9932-4b05-8037-e1de094a2fb3,d25d0d7f-f560-44eb-93ee-3efbd49342e5,2024-05-09,COMPLAINTS,-6.15
3c72366b-8d30-4c56-871c-ee54fe61849b,3f8c0317-d3c5-4f49-bea0-82b27fa865e1,2024-06-02,COMPLAINTS,-85.65
fbf99cbb-76c0-4dee-831b-4c0ef640daf4,ba51ad45-487e-4519-966f-09367de0956f,2020-06-23,COMPLAINTS,-5
740b3c07-ff2a-4c01-8672-af67dff2e8b9,4ce1524d-2d54-4595-9fb2-0452999599f6,2024-03-21,COMPLAINTS,-143.9
aa857a1c-2ed0-4c01-b6ce-e179733b7eea,85735d2b-8946-4a63-9a08-8fdca20a9897,2021-05-22,COMPLAINTS,-11.24
8a7c6381-0962-4e96-ba01-8299d64ee7c8,88f56225-ee4e-4f6d-b346-ee45c692b829,2025-01-07,COMPLAINTS,-25.16
3b922040-df8f-419e-85ff-86ae48f6e912,16924fb4-f4c5-4f35-9a53-c74829824437,2021-11-10,COMPLAINTS,-34.71
835645d7-fe1e-4f1b-85c9-f46f77444c47,4359bf8e-9324-487d-808c-8e5b23e905b4,2023-07-19,COMPLAINTS,-180.2
d0178a85-a8da-4187-865c-3dc61cb91d59,21aca6de-4c6e-445e-beaf-ef7b18ee6ee6,2021-02-04,COMPLAINTS,-138.05
ee49d509-db0c-48a0-99af-c70f904e6712,6aa15e85-3605-42fa-bbd4-7ca4bdde59fb,2021-08-23,COMPLAINTS,-147.26
e405b3cc-f8b8-4ca0-8927-818918802c7e,d0cb15dd-d420-4a4f-b400-492772880f36,2024-05-12,COMPLAINTS,-5.5
45030310-39e9-42e8-ad80-520e83676bbd,a22e3a59-c370-4a75-a488-caa62e394a7c,2025-03-07,COMPLAINTS,-45.79
7ead73e1-90f7-4ed0-93f4-4569339a1039,e7190583-3b68-4c7d-86b8-86ea28284681,2020-09-29,COMPLAINTS,-1993.81
ed84b729-48bf-436f-80c2-29006ca91269,80671827-2130-4027-b595-89fa1df13d59,2021-08-31,COMPLAINTS,-171.05
3ea53d8e-4753-47e3-8d49-951cfcf08a39,57945713-8905-4014-83a3-1958ea53a72e,2021-09-17,COMPLAINTS,-133.36
c2b85155-92d0-4b2b-87d5-361ed688c8f2,160d410d-5115-4b29-ab71-df825e6c04f0,2022-11-23,COMPLAINTS,-210.07
e1d32e54-ff51-4e1b-9648-09d80b99ecb6,8121641a-bd8f-4d30-8398-4f2a34fc36be,2024-02-20,COMPLAINTS,-13.97
4ca45fc0-a6ec-4c23-9c26-23eaef13c062,017e44b9-538a-48df-b9b5-2bf9e76bb37f,2025-12-01,COMPLAINTS,-11
ea616d53-037e-4be1-9534-518665fa69d9,ae557897-6404-46ab-9ab5-0059c99c2b3e,2021-09-21,COMPLAINTS,-39.9
7757f8d6-a5be-4351-814d-163b0216fab1,0c74cd57-e965-40d7-846f-db2c6836c19e,2024-04-03,COMPLAINTS,-78.34
a4baa4cf-f041-4e6f-b26e-b2fd141a7f6f,13c5419f-a735-4e7b-b616-f6573725c8be,2023-11-23,COMPLAINTS,-59.38
e8dac490-3c3c-4f6a-8344-498463f95f75,0ef5e904-d929-4327-95ff-7babe59dc388,2025-07-29,COMPLAINTS,-20.3
a3c70f1f-5445-436d-bc0d-ace57213f4fa,792f7515-7ef6-4712-9f72-12ff5df11d0e,2022-09-06,COMPLAINTS,-98.74
0ce6c6e1-6820-429a-9a47-424e678b0f0f,54748975-493e-4990-9677-c4b11caa12da,2020-12-29,COMPLAINTS,-160.45
6b568d98-20ef-47b6-9c16-a6338cd7284b,2b253397-bbe2-40e0-a17a-7452d54eb4cb,2022-02-21,COMPLAINTS,-29.14
fbe8926f-b7bc-41c6-9645-42ebf419dead,787ed90b-32e7-4c38-894c-d9fbba3539e0,2021-03-09,COMPLAINTS,-29.12
03233fff-45c9-42b0-a746-f5815183031f,a245108c-0bce-47d1-8072-1f9bf84c3c1d,2025-01-21,COMPLAINTS,-79.34
45c81256-06ac-4ec3-8c87-04722bf1bb46,65de6a0f-27c3-4890-9a69-ea7e4b49f95d,2024-09-08,Shipped,20.24
55adb5fc-dbba-4e70-b0b0-9dac010aa97b,ef219e52-b17f-4ccc-a3c0-c7856a37d146,2024-11-25,Shipped,60.91
493e3aca-d729-40cc-a7af-efd816b9c491,59d07c6e-d79c-4582-ab90-8bec321192f9,2026-03-26,Shipped,62
9256d644-6efd-49df-a5be-7db4b536aa8a,28dd1030-3e6f-4e63-89a9-90ade70b2dc8,2026-04-02,Shipped,474
dfcc257c-e7bc-45fd-a432-b7383b1e38ce,b64c93ea-c4f7-49d0-85bc-e8fff2b831ae,2021-10-26,Shipped,28.69
a36188d1-27d7-4237-aeda-4df2f82ea767,c6a2510f-410a-40fa-bc6f-f1c7b43953e3,2020-12-07,Shipped,28
4eb6621c-c88c-44d4-9acb-047e8bbc8185,dbe79811-50e5-41c0-9ca2-cb1b8ad72d6b,2020-06-18,Shipped,37
dc0e3e8e-ede3-4f03-b1db-ac4ae55d274e,f50c7ad0-11b4-48a1-bfe6-2f8442a17127,2021-10-28,Shipped,57.49
f9490c16-d1f2-44f2-b0ea-9380e27ce0fa,198971c3-cd2c-427a-83ff-d0721b8cad66,2022-04-26,Shipped,58.76
b136e5a9-6f8a-4889-8930-83d71bdcf1e7,8b7892da-2faa-41e1-b560-b52b607f4bcd,2025-10-02,Shipped,28.5
4d2764f5-182e-4af9-be57-9f621b6b3b1d,75a3b0ec-deee-45cf-a5d3-047a878ca3e4,2023-08-29,Shipped,113.16
f606911c-a0c8-4bea-a56a-b1ac74db2221,be4ee2c3-72e3-4493-8d3f-4d54ee7de69b,2024-07-09,Shipped,160.12
e95bc0c2-6e30-40dd-a71f-2b132b766f9f,ec862da3-b9e7-45d9-bd6c-9151cf2cb177,2025-10-23,Shipped,254
79ba26eb-7fcf-44e0-8812-7c13dd732abe,e183099b-118a-487e-847b-34af4771b1f1,2022-02-01,Shipped,143.8
7fdb3deb-7cba-4fa5-bd0f-1054e57aeb9f,e1dbb512-ed83-4269-b3e7-66aa9740411a,2024-09-11,Shipped,271.89
70338b6e-2c25-4290-833f-014577097221,04ad1b92-dc4c-49f5-89b2-094311e56250,2022-05-06,Shipped,300.18
9993a2dc-896c-4b67-bbe6-cf77c3e2d8c1,6356e319-fdf3-4f5d-baf7-461714bfb5e3,2025-04-07,Shipped,43.58
2ed0dc38-95ce-485b-a5d2-687a3fefc2c0,55412bee-ffc4-46fd-ac91-593a04f8c684,2023-12-18,Shipped,64.68
2dad35fa-8621-4900-a745-92152ce4db20,f6eea267-1fa4-4ccb-af5f-f7b17b33d55c,2021-03-22,Shipped,27.08
febf5cf0-0c72-40b8-a2a1-1130c20e6887,528e1470-60ae-417b-83e2-a7bff9e51485,2021-12-29,Shipped,156.8
487b7d24-250f-4c94-a87f-57d8d273777b,5ae3c7ff-7101-4831-8fac-a0e87eb51a65,2023-02-24,Shipped,24.2
c39d6ff6-aa2e-43cb-8f54-1a4048c95220,6a0d8562-14cf-4d13-8851-044bb4234d68,2025-06-29,Shipped,9.8
4505a751-c8b8-4a40-ba10-7fd1bf668e89,44b386b1-83fa-444a-99fc-bb4091bd6019,2025-09-19,Shipped,37.8
159d5ba6-9637-49c1-bcbc-2746a7665c7f,ecf0c705-73dc-4832-8663-e98e3eba1f26,2025-09-23,Shipped,46.25
635408b7-6e03-47fc-ba42-127e2531c230,23a1a746-531a-4b96-9a98-d76e9701c3b1,2025-12-10,Shipped,35.25
bb128c36-76c4-4f1a-8893-70a7d143cc6c,699850cb-b717-4fcb-80f8-9cbe3d277af3,2022-05-27,Shipped,65.85
ee8943ca-01a2-4812-a39c-16b06a056766,cf301fd6-b06e-4da2-b2d0-bcf038a32e44,2025-11-26,Shipped,155.82
f223f811-0a6b-449a-80c4-a34fef378392,4a61078b-2ff8-4ede-b545-cded69c969d2,2025-10-10,Shipped,214.42
a0e231ef-39a1-46dc-84d5-2ef99657ee94,8d8a6033-b597-4392-85ee-d84e43a2b504,2026-01-06,Shipped,574.75
eb53db61-5591-46cf-ac04-7d7039d224c1,c4caf63a-b350-4813-b31f-ac1a4cf5132b,2020-12-09,Shipped,17.2
50a5fe8a-5091-45dd-80b4-d49431daed4b,7d6b5af6-9534-4b98-9be5-e73a05e58345,2022-05-04,Shipped,329.89
c58c9a58-f098-4cee-8464-93357359d7e0,ce5f79f7-6dd2-463d-88d8-ac10b0f7f885,2025-09-23,Shipped,57
965ae934-8376-4276-b421-b96fca9213b5,54162e9b-d170-4f9e-9810-c071eefab39e,2025-11-16,Shipped,38
c550672e-ce16-4f1c-be03-451b787b262f,c7155ee9-ff15-468b-9fe5-fe7f70e926cf,2024-12-03,Shipped,38.99
69b3d63f-b670-418a-b8c5-48784b9abf41,2fc3c906-08f5-4c83-96d2-a8c299232f00,2020-10-31,Shipped,59.7
3783c647-f8d5-4b73-b0f8-124d7a2bcbf5,715bf96f-0d74-4bca-8c1e-5397606ff16e,2025-03-04,Shipped,77.16
645ed6ce-7423-46f3-8c39-21c2866510f9,6cc32062-f360-4607-a345-f970c9533b76,2025-04-10,Shipped,24.41
e5a74ae9-cb5a-4374-ae87-238bb88b364b,226e0f40-f405-4a8d-afe2-5419c0a6aa19,2024-11-11,Shipped,56.95
34d68c36-26e4-4dde-964d-0d061f81d7da,f9d2b6d6-b52d-4ac3-a45d-0d68d057441c,2025-11-26,Shipped,68.3
8f816f19-3209-4506-8e1c-19fa8a0c335e,64e4485d-e6e4-4919-849d-30ae7f5c087c,2023-10-27,Shipped,63.04
f52ddf69-3380-42cf-a2f4-699332c41a3d,3d8fbf72-b899-43ea-a28a-6ea8cd84abfe,2024-08-12,Shipped,138.03
724d6d37-a7be-4c27-9233-b5800d2b1c71,ca038020-578d-483d-8f41-08c94a8f4772,2025-12-24,Shipped,360.74
875a0a6f-adba-480d-8113-2b58f640edbf,3903d09f-465b-427b-bba2-a55e99a7e831,2025-11-14,Shipped,204.82
3d9be006-c707-44b6-a8bf-47946f3eaeb6,107239ea-5aa7-45bb-b4ef-2ec73422576f,2025-06-01,Shipped,44.88
7b2cf655-4903-44fe-a27a-a64fbda78223,1cd54a00-3d4d-428c-aa1f-033b68f5b40c,2021-10-16,Shipped,301.35
b65ddb75-bcc2-4dcf-8ced-d8a13c328adb,9e085134-c517-4e94-8bdb-4891c0d49263,2021-10-18,Shipped,41.76
20b46528-cd43-410a-b019-cc36e1112a20,ee9f597e-e7e5-4690-afa2-57a2b3d17130,2024-01-25,Shipped,36.54
f3f9e5b4-71db-47df-b71c-78dfed7011d0,df5baedf-b5e6-4dd3-871a-94cd84e0215a,2025-03-31,Shipped,780
51ec2a5f-0fb9-4446-a40e-b95b16109433,f0d98bce-0fc1-41bb-9328-a176c3f103ce,2025-05-16,Shipped,113.88
c39f9f7f-c1fb-484d-9159-0fca4ef88ae7,f7dd94fb-badd-4ef6-9a89-4b60aeb8d0c6,2025-12-02,Shipped,149.12
779ed246-3363-418a-9e04-d3a922baee8c,66638def-76ae-4006-afe1-c52c356e790c,2025-02-13,Shipped,176.48
3dca8979-d581-4a65-b2b6-b95bd9f75eaf,34b3f444-2dac-475c-9f99-ed711b56376d,2023-07-12,Shipped,122.24
39b9de56-b4c9-4dfc-a871-acdbec53aa92,6fc34251-132b-4c39-b98e-44289f473c76,2021-10-20,Shipped,136.48
41aca6c5-ffe9-4cb1-984a-4ab199d6912f,b0bef41f-93e5-4d92-ae85-9604db04909c,2025-10-29,Shipped,15.9
1785cb7f-eff9-4ff4-820c-fe6106092128,3bb1251e-2b19-425d-a882-5a557f4e1dd2,2025-10-23,Shipped,116
fcf26efa-257e-4f03-ad21-8d0df942c46c,6a23999f-12e1-4978-b9b8-f9cec84dd67f,2025-07-04,Shipped,736.56
52e56bba-e26c-4cf1-ad5f-3b9369daec06,b5598a8f-e91d-419d-a309-1cc75a7d873d,2025-12-01,Shipped,105.75
2ec46ae8-6e7f-4cb3-8de2-94973366bf61,4386fc23-1334-47fa-a2b8-ab5fd81b7683,2024-01-06,Shipped,57.28
43da19a0-85cc-44d7-9f0c-7e408ba28d35,e6557ffc-015a-42ea-b174-422a7f773b2a,2023-12-29,Shipped,43.04
ad99a05e-03d3-47bb-ad75-e753fd4a7d52,f77bbc2a-c7c2-4d98-ae84-3c4630ac74a8,2022-02-28,Shipped,89.92
1d71797e-ff3c-4dfc-9caf-11f59fce612f,83fb9eb2-9743-403e-989b-0a64c962d555,2020-11-12,Shipped,18
47391105-8da5-4dd7-b28a-63cfb1353df4,cf9f3575-1a28-43e9-a6c4-a82aecb5c5cd,2025-08-12,Shipped,67
96fb1cfc-330d-467a-905c-71e325a04c30,c980f8f3-8a41-49de-ac8c-ef295692fbb5,2024-10-21,Shipped,108.6
0f42bd88-b7d8-4748-b9c4-ae76c59ec63c,868d315c-6a6e-4818-b6ce-6f36c84a0558,2023-02-28,Shipped,33.6
d2023159-832a-407a-a9f0-1c2d5109facb,2010bde3-feab-40b4-b944-fd555c8c889b,2025-06-03,Shipped,243.86
02832d02-4b01-4ce1-8ba5-d7c1fe487dbb,eda89aa8-3d1a-462d-adf3-b74e4927428e,2020-07-03,Shipped,255
55865675-7e35-4796-84ba-32dc59985ad1,45d5f5af-cba1-4167-b8b3-b3c91a5ae277,2026-02-19,Shipped,40.42
490b298b-999b-4af0-b559-a0010e4cb62b,548a6488-2d71-487e-8da2-d91e5edea7aa,2025-08-29,Shipped,114
e8767377-14da-40a5-b0cd-3d295ee75e33,4b9a08e5-b5d3-44cc-a81b-250b08dac1f9,2023-09-06,Shipped,51.61
6431d06f-de00-4b92-8821-be52e4dc55ab,3de159dc-fe54-4453-b262-508e80d273f9,2023-09-07,Shipped,27.49
f4d0ac4f-7132-47be-8adc-e816e8454bfd,89ea95f4-a514-4eca-9f85-f803ce41bd02,2022-05-10,Shipped,11
f27946ba-d6f9-4708-93d0-ed4af7d213a0,fb9f7ac9-a1e9-4197-b970-76feab276c45,2025-10-21,Shipped,74.5
7abea1ef-f02d-4ba1-8235-762bc1f579c2,0e95b628-8a3f-4149-b0ca-144f5f83c12a,2022-03-04,Shipped,0
3f23fa4f-2fe7-4016-9dd3-cf94a3f445b6,c9d2ffe0-623b-45df-b5ab-ad666fb1174a,2023-03-28,Shipped,394.01
cc09d061-390b-439b-ad23-13787b5cf434,5f2cf089-58a3-426d-87b7-d8759960a419,2023-03-28,Shipped,21.99
cd8bc17c-97b9-45d9-a953-19f3face3aad,47a259a4-a091-45fc-8a6d-365e476cdad4,2025-01-27,Shipped,53.15
43aca64d-85be-4289-9ecb-645ac89a4f0d,5bcdae51-f7e8-41e7-891a-bd7018db8ec7,2023-01-09,Shipped,39.62
f671c34c-d41c-4b6a-af96-07087646f6c6,a47c9b3b-e904-4c28-b1a6-e531cb1c4167,2025-06-16,Shipped,60.84
499f8e53-c67d-4a2f-9cd3-51c5a38ee74d,ec85a227-c20d-467e-82e9-953ac506fe4a,2021-05-21,Shipped,26.55
df2d3426-4f04-47c9-a9a9-899bfdcde92b,8db0316a-d8f6-4f73-98d0-a9808bc4412f,2022-02-25,Shipped,98.73
85a03b1d-f446-4f8c-a3f7-54d1a0143722,5025159c-36e0-46a0-9349-1f01f9d87d91,2020-07-21,Shipped,111.94
6d9b845b-595e-4e43-b523-028b5a626542,6d7e896a-f904-41a2-8e10-137e55560625,2021-01-19,Shipped,20
a3ba83b1-b9c6-4148-a8e5-ce2cc9bea616,af935727-2218-41d2-92bf-c6765f2bbe6d,2025-08-18,Shipped,55
68d2e5df-b9fb-4de9-b753-a31ff2280add,d138bc29-660b-46e7-8f61-5081904fd01d,2026-04-03,Shipped,0
12283c63-b2fd-4109-af82-ab8bdc39d966,ecf52f1d-9f92-46e7-8d5c-ea32de114444,2023-01-10,Shipped,32.2
69f81183-122a-402f-84da-b510b241da15,307127a7-f365-4ba5-a980-76ee68d0352d,2023-06-27,Shipped,135.22
5a0530eb-6c94-4ed4-ad63-b710546c0f40,bc1a6477-1a67-46ed-a450-4e75b5dd4f7d,2024-11-19,Shipped,22.98
e13bd2bc-5e6b-4f0e-97a2-74259f9805d3,55d03c3c-b873-4225-aeb5-21e8038c861b,2020-11-18,Shipped,23.9
8d4e2133-db69-49ea-9617-ad48a20827bb,677bd5a7-872f-4418-8fb9-08d73347be35,2023-09-14,Shipped,53.73
b63916a2-8145-4c61-9c6a-801e2aa03337,72e49569-6e8e-40ae-a28f-55d97ade3c69,2023-11-30,Shipped,281.52
6fbf51b2-33c9-4e1d-97f4-9108fd9f36eb,69290fcf-2389-4b32-8188-afa7a2eec701,2024-04-11,Shipped,289.2
c2384c73-a5ad-4321-a735-4e514b192f2a,0c24eb01-4f0b-42ea-89ee-1f38b062c40d,2025-08-13,Shipped,38
62ae679e-6f64-4d0a-a1dd-d80e9ffbc8a9,aec90e08-fd19-46ca-a84a-1200be3a4e88,2025-08-11,Shipped,40
000f29d6-f237-4c5e-9b31-a2f4720e9486,211a3386-cf00-4877-bb24-523f1a2fc514,2022-10-18,Shipped,27.47
0370d0b3-5b7e-42ca-a3e5-696ef2becadd,7ae9190e-10b9-408b-b6e6-328595456110,2023-01-31,Shipped,86.92
995fb24f-d308-4eb5-9d21-48a4c5a12100,daeb645e-7018-4f6c-9fa0-2cc82b0cb763,2020-04-21,Shipped,24.83
4d845ccf-59e4-448c-9e4c-0633d62295d1,de4e674a-0706-40d6-a8d3-cf8248e9d840,2020-09-07,Shipped,45.9
881473df-f34e-4a5c-8deb-4d21db5f2812,7b5b42b2-aa83-45b0-9f88-1284a99ed835,2025-03-07,Shipped,65.71
25e1b7a2-07c6-4419-963c-3c569fb06c5d,3a8abd8b-2bcd-464e-9130-e6d416a867a1,2022-07-28,Shipped,170.18
5c3f5bd9-30d6-4f81-a10f-646f354d5020,f66becda-a0cf-44e5-a566-353dad9e68c6,2022-01-19,Shipped,42.96
23bbb5cf-b0d7-4d43-81f9-26149b04db56,5d15a347-a829-4c01-827c-c375011bd609,2025-03-10,Shipped,144.04
77c3f349-5ce6-4741-a7c7-2e6b9d846a40,7c91c9b5-9afd-4256-81f9-589b1e0adf3b,2021-08-25,Shipped,186.17
ff97ce2f-4510-4796-bfdf-95f6ed52abb4,ba35f15a-da96-48c2-81e0-db53a9b43f26,2020-04-30,Shipped,19.86
daf44c60-37a3-46a0-b08a-b6b5380ffcfd,ae8d8ac3-c0c4-4c01-ae66-054738f57562,2026-03-24,Shipped,96.5
003394ee-2b6f-4a83-9689-485aed1ab8d3,58a0690f-309b-425f-a967-b859bf35a1fe,2022-11-23,Shipped,54.82
4c17fa62-67db-4383-b241-50fa0670c8bc,8a7d8c98-b747-4810-a3ff-89e27ef9a739,2023-09-10,Shipped,40.62
1d84f6cb-b49b-471f-8f11-4d1da8fcc58a,0bd8cfc8-604d-4be9-8f07-572feecb13eb,2020-10-19,Shipped,276.75
b4932c1c-55e6-4a06-b520-159d4231ab2a,5b68a3df-eea8-41b1-bb1a-ce2f1bf88fa1,2023-03-11,Shipped,92.9
e79618ce-fcd7-439d-a986-b9ed76b14bf7,8264636b-84b4-4374-b702-0da09aa8072d,2020-08-04,Shipped,18.6
17ca6aae-ae5e-4876-b714-0b340e446e0f,46d75be6-b181-497b-9869-ad6ad4b600a9,2023-01-03,Shipped,95.9
8107b77f-18fa-474c-ac48-d79a6a9da3a3,17877c9b-8853-4d3a-8f79-657644e531f2,2021-12-14,Shipped,153
133fef65-9439-4bdc-960b-909b2dc68daa,ac17f777-46ad-4dbc-8b30-15b14c09f73d,2021-12-13,Shipped,123.5
f99c8b42-3aeb-4502-94e2-7dc12dc3b290,c993d340-e9be-43e4-8dbd-f53f9cc799b3,2025-05-02,Shipped,228.77
b22a6f7f-dafd-415d-ae92-9e520224499f,fd07012b-c199-425d-a1e6-9fad5f1e4342,2024-08-15,Shipped,299.76
289a95dd-8f0f-4af5-8b39-fcda4be736e9,6510585b-2d3b-4d88-af80-366ec75f7405,2026-04-02,Shipped,24.19
32c06607-89f0-47c4-8dae-593f8405c725,f576111a-d7f0-4ec9-9115-4134ebf0adea,2020-07-08,Shipped,36.02
6ab989cf-c0a8-4a71-9310-7fac6e9c7752,666bad45-fc97-472c-af0e-7132767b66e2,2021-01-21,Shipped,1163.19
82605c37-514d-484d-bc0c-265e2cd571b8,b86f4e0d-33c8-42bf-aa12-123b7446ffb2,2025-11-16,Shipped,296.75
c0a1f464-74ed-481a-a46a-26b4c5bd33a7,2a73b79e-9d99-484f-a86b-9e14fc64f2dc,2022-02-25,Shipped,63.27
95e8bcb9-01c2-4dd6-9087-00e582439875,8c6cfc09-1913-4069-9de2-908122d37ed5,2021-07-27,Shipped,31
2cff8274-ac0c-4504-b9d6-539f69bbce8a,f939c965-bc0f-40d4-96a5-45bc226eeed5,2025-11-28,Shipped,31.25
71097e98-1d40-43b5-9c0b-99e8e6395b7a,6607e542-a9ee-4b18-ad48-78a12f4fd6dd,2022-02-28,Shipped,123.74
1fe4d27d-e375-47d8-bc19-11a02673db64,e3252929-18d0-4812-9015-b7f8396d9fd4,2021-03-05,Shipped,101
54257bf8-2080-410d-b6bc-bd3282b567f5,182eee4f-6d61-4661-9f0a-511eebffddad,2021-11-29,Shipped,74.8
8bf3d0ab-d494-4c8c-aab9-13c29a67ea77,c4c121e4-3330-487b-9b18-8ebc128fe345,2022-04-27,Shipped,496.55
fd0517c0-9ac0-4479-b30a-27f6201211ad,5b6665a7-7cb6-47d2-8179-a044139d1bbb,2022-09-21,Shipped,187.13
2b41769c-76be-448f-9e76-a65600b92d94,954990f4-dcec-42e7-b602-5ab71a19b386,2020-05-07,Shipped,514.3
10b0995b-1673-4467-be42-76968b944ffb,48a7dcf0-4c7c-4831-83ca-9e8792a9b44f,2023-01-23,Shipped,22.77
ae72619b-0b1c-4c79-8723-0ebebcc6f99b,08309444-ebf5-443e-8b78-cde73e2e80b7,2021-10-14,Shipped,310.16
7597b100-0fb4-4375-b77d-02d1c1c9dc9a,7dbb4496-742a-4052-8967-008cb572dbd5,2023-11-22,Shipped,82.28
ec9db27e-fd4e-49f0-a070-835b9b7ee05a,e7b39d75-3e8f-454e-94a8-2b7555257449,2025-12-02,Shipped,42
8627290f-6c18-49d3-92c9-e6ff1cad6a74,080a269e-28ca-4ca6-94b0-712a8cc6f513,2025-03-10,Shipped,110
dc103668-4653-41e2-a402-a64ac1848848,536f5f3f-7724-4722-9810-f81a24c9ef94,2025-06-24,Shipped,33.2
e8a52e20-d0ab-4d00-830f-e6f5345bfc52,af828b84-1d78-4414-88f5-fcae16ce9bbd,2020-11-16,Shipped,69.7
6bddc59e-f9d1-4ffe-b3b1-a1d5bcd0e51f,f7d652a1-011e-4b0e-b169-aedd6145cdc4,2022-11-11,Shipped,23.85
58e68cae-5c0e-49b7-b763-effedd8bf9dc,d285be42-4a96-4e5d-98f2-ab99e531f24b,2023-10-10,Shipped,32
16f90adf-edee-424e-a31f-58f2df96959c,5531904b-018f-4648-a0e3-a90c2d76b29c,2021-04-23,Shipped,69.95
13b8d429-29bb-4169-ba9a-03a939e75447,8893ed5c-6c50-475b-b8b1-b1324e9ab973,2021-05-13,Shipped,43
7d5a189d-62ab-4f3d-9579-837f8b48cda5,78e44ba9-ef18-4d62-ba78-dd1838da59f3,2021-07-21,Shipped,23.75
365e1fe6-b4e3-462e-af1e-b1f4f83356b5,79356f44-b0ae-4b03-b761-48968edcdd0a,2023-02-13,Shipped,46.71
75115799-bf22-4697-80f4-44e250dbf3f9,875bf911-ea30-4383-92fc-510926919974,2022-11-15,Shipped,37.19
d6966cbd-25bc-4c27-877a-0569966d0ca2,2e5008e7-f2f4-4122-af7c-71ab2887d05f,2022-11-15,Shipped,58.15
cf7546d7-e4b2-467a-8f62-533046da567c,0d29699a-3cc8-4b52-9ee7-cffd304e843d,2025-05-12,Shipped,66.05
bd9b375a-496e-49b9-a1be-1f59c0bce3a4,eebf77ec-c437-4376-97bc-1ae3f74f847a,2025-11-25,Shipped,144
e87b48f1-5026-4793-838c-309aca9ea593,fdb17d0d-7e39-4544-8f55-ae734708c8aa,2022-08-17,Shipped,303.44
16fc5169-d6ef-4fd2-9cb4-2455d5f7feea,fea438e6-d67a-4050-9354-d20bfe318463,2020-11-11,Shipped,24.29
1dfd7736-3ae5-4498-8b7e-74ce81c84e3d,ce037390-6095-4827-827b-e1f8ad03dfa9,2021-02-21,Shipped,60.9
6855d1f3-afdf-4020-8b74-39b0d839c1fe,3630d6c0-8159-4c8b-b5ef-690ab34106e9,2023-05-02,Shipped,0
b9bdce38-ed42-4bc5-9108-3bd76f457849,a25ab129-8169-49c5-b73e-1ca54dddc6c0,2022-05-27,Shipped,282.99
7fbb934d-d08c-41ef-ba16-282919636ec3,83a39d8b-47ba-4e85-ae91-8fb43f60b849,2022-05-11,Shipped,359.38
ba109e33-725d-48f0-8b10-54f722c79c4e,331fd073-ed35-4ecd-a2e6-6a344c8b4ee8,2021-05-28,Shipped,168.2
6e947f83-9829-45fc-b0f7-8df24ee38e1a,a69cbf8f-711b-4d5d-9715-3e68ad12d685,2021-01-06,Shipped,310.35
3c3b29a7-47a8-4a80-bb9b-5c532bc5cb1c,ba182ab8-4ba0-4608-92bb-ce45215e22d9,2020-05-06,Shipped,24.87
620bce38-4c48-44ec-9402-6fe9304b780f,b8446cb8-b142-441f-9f28-140e06db5ece,2022-12-21,Shipped,43.14
2ac40768-c2c5-4d6f-9807-d14d78865fab,558aba42-1eaa-4dcb-9b0c-835a92ea3227,2023-08-03,Shipped,97.47
772fd5c8-a94b-46a9-90a0-861988695630,2ca6e769-8488-4698-a932-536abce18a8a,2024-07-09,Shipped,104.37
221a5008-5d51-476f-aea4-faf0e823fd25,001e68f5-38b0-46ff-a746-50aea03bd95e,2024-01-07,Shipped,183.73
56599a33-1971-4721-8742-9832921cbd67,9002c340-1397-448e-8c6c-ec8ecfa3ab8f,2024-01-08,Shipped,72.38
33ea87f7-25c3-440c-b054-ad435f6adfc5,d2195834-f5f7-4a4d-a25e-72dc5156f393,2024-01-10,Shipped,138.43
5ce15881-1f37-44f7-875b-60b167c12989,7e3815b0-3c6e-4230-9101-b64958a05247,2023-10-17,Shipped,0
89cabdd2-303b-4546-961b-c848261c3373,b1e4a9ad-eef5-4943-8a2f-3e96b70f079f,2023-10-23,Shipped,569.64
50081889-b829-4455-bbaa-0d6fad33629b,3bcef8d0-4cc7-4219-a7f7-0abc9aee386c,2021-05-28,Shipped,621.94
84500674-6e59-4117-b241-9e32c64cdf49,78a0d323-8502-4389-af24-2781296db2be,2023-04-06,Shipped,103.92
7b80713f-7d6a-4bba-8329-a18f69e531ef,9afa4904-206b-4d7e-8ad4-fd8a0d34a2b8,2025-06-12,Shipped,242.15
30ba49e0-02a0-400b-b227-a1226decdd73,6f706752-cb1c-4788-9f0a-c80b597f5308,2025-06-18,Shipped,28.61
48c1fd6d-fe1f-44dd-b097-ff2731bd91d2,e21477a2-c5ff-4040-a7c0-f64ef21b08fe,2021-08-01,Shipped,9.21
5884f938-7c26-45e8-a78d-9b1131813abe,012ec82b-3dad-4d6c-bce9-a463f57c17e6,2021-08-04,Shipped,182.97
4e741969-e637-4936-af19-a55b588a8111,065091ef-c71b-4a35-a865-1cbd064203ae,2024-12-15,Shipped,24.66
95ee3d10-1464-4846-a97b-c158bc47b466,2ddae782-c7d2-469b-be86-9e168f6357e7,2025-07-04,Shipped,153
1d4bb718-888c-48a1-9484-1c3ea1717b1d,c9a67f03-23dd-4f0d-9e1f-5abbd4fd0d72,2024-01-15,Shipped,55.34
694d3a81-62a3-42a5-b828-e2c1f1160ef5,1e903066-e0ed-4f3f-9df0-fc1ade9a5089,2020-08-05,Shipped,42.49
5689b7ac-bf03-4103-9800-37f84bf4d449,b7c95b7b-1de8-408e-9a51-d6968c358908,2020-08-24,Shipped,76.49
a9c75b58-3465-433c-ab6f-91f50a8d9df8,1f154f12-ee2d-4921-abe0-b845d3c24cdc,2023-03-14,Shipped,1682
ac047739-96d8-4d56-a6ae-6d35f9157293,d617406a-c9f5-46de-ad67-43de32bdff76,2023-03-23,Shipped,38.78
029c18af-6784-4dfe-9b6b-ae6ee9a27d50,b3d0a658-166a-4791-8aca-4e88a826b733,2021-08-09,Shipped,28.36
e39b3b9e-a374-424d-b1a3-868a0bf992a7,eb002a67-eb5d-4d9e-a6ea-c02fb83119f3,2025-07-19,Shipped,99
951c0340-ef35-468f-9310-1f70aa6e3f49,bf0bda31-db32-422d-9f63-d2ca8118c8a2,2023-12-04,Shipped,39.66
79f884cf-32b3-4f86-840c-a55093f855ba,3d517b35-53c0-4f16-aa13-11449faf3fcd,2023-10-24,Shipped,32.22
a221bb49-4d5e-4651-8976-1a67086e050f,4e357fbb-88be-4dd9-9f1a-5fe7666147ce,2024-01-11,Shipped,69.63
7a19102d-5d46-405b-93b4-4d9227adc5fa,9345b79d-fff4-44eb-a638-1a19d1c9cab2,2024-08-16,Shipped,229.39
f593d781-46b5-4a3d-b161-ab08547a392a,151d32e4-c240-4702-b3a1-9cb009d07580,2026-01-31,Shipped,62.5
c27f6772-37e4-4c6b-b967-9046b2c835a2,b5db0106-83ff-458a-a9d7-6b95b3051081,2025-05-13,Shipped,378.52
eb45851f-f475-49fd-8bdc-a6b44553028f,21846c65-6843-41d1-b278-eebe2debca94,2023-12-18,Shipped,1587.04
8315f905-c8b6-4070-be7d-125ccd1cca80,6819ff9c-d109-47dd-9905-f85b8cd2d19f,2023-09-21,Shipped,30.92
8b7173a9-31bb-41c7-af2e-7c1993ccbfcc,54a228df-c685-4768-aedf-cef2bcd3fd95,2023-09-22,Shipped,437.28
eab323b9-6eed-4e5b-9935-526d8974fb0c,dfc399bf-39c0-4c07-85ab-8e9862a52b6f,2021-08-23,Shipped,203.69
e275e7e3-1bb4-4565-bef2-77bf74f0f248,ea2dffdc-06c1-4c3d-9a87-742b2a968b80,2021-04-06,Shipped,330.16
c8a07eae-84a3-45a2-bff8-786819accfb8,591d394a-893d-4bbd-ae31-2ebcdee965cd,2025-02-27,Shipped,238.14
4699a1c9-503b-4842-ab16-dc6f0d85979e,1c0d0b8d-57ea-459d-acb6-2519243b9b9a,2020-10-02,Shipped,19.68
d6dfbf5d-5bb5-43f9-a7eb-9e33618a5d5c,5bb43f85-dc32-405c-bfba-61cc6d04d8c8,2020-10-05,Shipped,31.5
2fe23c8a-24c3-4d0c-8f9c-c92b511af31f,5f748388-2ec9-426b-b9be-2aebd9b65778,2021-08-26,Shipped,48.25
a0c9f84d-23f2-4650-ba7c-73f9b8938e36,c4630a0a-df5b-42d3-91a5-8ed6270fe858,2023-04-06,Shipped,624.76
0867c33d-7bdd-47ab-be17-e4ae94ffba20,85cc99b8-db0b-4aff-9b90-11e5e101bc91,2022-05-27,Shipped,147.2
3bdb1517-badd-440e-ba17-bc5977fe71f1,cdb9c89a-0e13-4ddf-8b27-8bfd936d900d,2024-02-09,Shipped,2163.04
fea152d0-cdf5-4364-a26c-f370b0715719,626ebe53-0902-4582-b7dc-6b28d794c0f3,2024-01-05,Shipped,21.66
30b2dce9-d9f5-43d6-9969-d56b38d26c2e,e0e31086-a88e-4316-8312-9aeec9145561,2024-02-27,Shipped,2919.35
844a9646-62c4-4f38-8a1a-d84aa262de67,4569f856-d385-4e87-9b39-a84a362e53bf,2023-12-11,Shipped,31.63
57e9a685-ed2a-4008-96c1-8207c8213a3a,de1f5057-5f61-4dbd-bf8d-d590946a4d59,2025-07-30,Shipped,43.8
1c35e999-5c5b-4683-adea-5f8e92b516fd,a4fdae90-4559-4e3e-a372-a20f39799ebf,2023-02-08,Shipped,446.99
1ad6a360-47c1-4373-9155-edd54db79d96,cfd204be-712c-4ca3-a39a-2ac0b7d8158f,2024-12-04,Shipped,54.57
d2a55962-4280-4d63-be4d-9e35e723884d,2a1b0038-e65e-451a-bece-17f3588a4a21,2022-10-30,Shipped,39.24
14a21994-7e3b-49a2-a7d8-5d3659abfebe,2c804d2b-ed3c-4599-bbd1-f2ae4269c931,2022-07-06,Shipped,1065.18
b0c830d5-6f5c-4a3d-82c5-d39ed0b39fbb,ee8540e6-fbfe-4ea5-b5c7-78738503c9b2,2026-02-10,Shipped,510
507a7ecb-a9ff-4057-a7d5-8bb93778ab9a,17d19bbe-8a59-4add-a3b5-5559b63a648c,2022-12-13,Shipped,17.8
4a172d1d-67b8-41d4-9eca-62c1aa67f3fc,2a4fba4e-cf1d-4557-913a-acdd8abfb912,2026-02-20,Shipped,55.04
736936d0-cc04-4c57-b4e4-c35bb0b4da73,4a861648-1ffd-4914-bb27-17c7282ba394,2023-10-16,Shipped,726
d15b6765-4162-44aa-be31-0d4362ecf661,7a4e651b-0bd2-4029-9400-752d90b015a9,2025-10-07,Shipped,292.02
3f1c6a75-fe97-4923-b71c-1bab3d5a3672,3b54773a-494c-4254-892f-a6ebdaf1165d,2020-11-03,Shipped,77.55
1fab0fc1-8639-4fa8-9d09-b8959d8c01ff,37e4ef8d-6202-4e56-8a5d-97adfca042fe,2023-08-22,Shipped,27.2
5f2f5814-071f-4945-a0a7-8fffd8ee2a6b,0ddf091a-7026-4f2c-a61f-e8813a23f13d,2023-02-15,Shipped,55.87
1516a6e4-f27b-46a1-884e-ce7364a93029,78c95dba-94f6-4261-8d58-958d6bfb8729,2023-04-02,Shipped,20.66
471c016e-a4bb-4a1f-9c25-b192bdb2f050,a239ba42-4657-42d6-bd82-46ce1907211c,2023-03-21,Shipped,40.98
c063c564-f46b-4a68-adf7-cfb88b1488fd,45759362-a60e-4b30-8656-d9aec02568b8,2026-01-30,Shipped,29.25
edb94be0-8f60-4355-8593-2d1927721b34,a2eeac96-b61b-4cc8-b4ea-13f5b5b00300,2025-10-06,Shipped,48.98
fcf097c1-679e-47ae-947e-d3286d74e4d6,5f2894dc-e7cb-4c36-bc3d-9cca79397bb4,2023-04-05,Shipped,145.1
cedb8446-51b5-4762-8b69-280a2a0cb995,37db3677-b693-4a49-b4d6-e4857400026f,2021-07-11,Shipped,1708.88
de25759e-756f-4952-8f29-91a82f93bae6,3e3faad4-1cf0-4ec3-8c2f-668e6d9657db,2025-06-03,Shipped,362.54
808d9f12-97f0-4e65-bb0c-fa8d770df5df,11917694-6571-4d25-b89b-fbb007b7bc09,2022-03-30,Shipped,24.42
4c9e2349-7378-4250-b7f2-176b7b5d5d7c,ca7ca86d-9f6d-406d-8b21-b4c8e21d0dcf,2022-11-11,Shipped,137.36
81879f47-eae5-4354-a325-58ab3105e391,129b9c8e-0d5f-4ecc-a236-4024e5f11078,2025-01-28,Shipped,113.23
2c8464c0-3b5a-49ee-aaf1-39ffae99100a,bc16b666-cd7a-4c02-ae79-0e75633e042e,2024-03-19,Shipped,0
1b214212-50c2-48bd-8fbc-6837bb0c80ea,1354b744-5f5b-4f3d-9ace-a95adfe766cb,2025-10-14,Shipped,238
73dd1f64-840f-4d98-8205-7813092b30d9,b7e68e47-16bd-46da-a2af-49a2fc2fcb03,2024-02-03,Shipped,224.85
16becdba-e761-4ffc-9515-fba07a332920,46ad89ea-3ec9-4492-9b7c-8ad4ff9ee23e,2025-12-16,Shipped,0
9ffc45f5-4f48-438d-9c5c-d92b11bdbed8,332b5eb2-dbc4-4d42-bd31-c3c3651acd29,2024-03-15,Shipped,223.73
54d8d33d-6f57-4526-bea2-e25d5bbb1059,b49e370e-15b1-4f35-b294-95c34da725de,2020-09-28,Shipped,247.5
bef950b0-8013-498d-9b45-05897bcfab73,2b2066b5-04b7-4a03-922f-403a5cd0c7ee,2023-01-19,Shipped,81.33
0cab4b24-9b43-4e84-b64b-5e1953ede67d,f5044e18-1e34-4b71-a4e1-7ded6316f6b4,2022-11-04,Shipped,21.66
43c901d0-6042-4ac4-b0df-79836864259b,d9f29dc4-e1ee-4d91-9012-16305609e3c1,2020-06-24,Shipped,46.75
7f7f882e-6b35-43df-949c-06f2d0c6d27b,541e3313-7d3e-4a65-8997-637d14c66ccf,2024-05-23,Shipped,221.17
4ef96950-5933-482b-b89e-b044de6fa22b,b1e62502-3d0c-4617-b61f-c39db52936f0,2021-07-22,Shipped,122.85
09f4a184-ca89-4139-b6eb-afb2d909a9ef,8da96077-39e8-4874-a730-7fe1e4620667,2026-01-27,Shipped,187.8
047d8199-12ce-4b97-a3a4-3d3a0189462c,20fc6524-5f33-4e8f-99e2-8885e2c0a1c8,2025-07-29,Shipped,133.92
6f0228b6-4a79-4cbb-ac25-ad18457fd476,f4763492-d66b-4e0c-b213-bbe73ecea4df,2023-03-14,Shipped,157.45
00bf4869-1d7e-4d51-a774-6026400f2a9a,5f617182-82c2-4d31-9238-b8efb0cf113e,2023-10-12,Shipped,40.75
28e88b11-d44e-44c2-af82-020077218445,faba847d-855b-4002-a2c3-9f7cfd097392,2024-08-21,Shipped,398.53
84957086-2ace-4cf8-9df1-415200709eda,0627d0c7-2be8-4a8e-9a48-6e6e08667468,2021-01-23,Shipped,131.75
57ac951d-8029-44a6-9113-9fe6c5b3766d,0036566b-d779-453b-b2c7-99e423bbc2db,2024-02-14,Shipped,17.07
6d4b129a-8ec2-4286-9195-cc2a7512bae8,c53c5dff-ee81-497c-b80a-f125ed74f8b5,2024-02-08,Shipped,21.51
bf5662a9-f12a-48af-93da-08598b4cb79a,6321cd09-2ee9-4b17-8b48-99d29bd24a51,2025-11-14,Shipped,683.76
1d86682e-fa2f-43db-a2c4-44e76bba5261,7b28ed53-f29b-4f2c-82a9-a7b65d01061c,2023-08-15,Shipped,48.41
3f659c1b-5c94-4a1f-80de-2e2532d6b28d,cf9f3575-1a28-43e9-a6c4-a82aecb5c5cd,2025-12-09,Shipped,2365
a8dfe018-bbf0-4586-abe4-71e7af502824,b25232fd-d1ab-4006-9c1f-0cb402250fe7,2025-03-17,Shipped,285
6e5a421b-c198-4b36-a1f4-bcd2c877b7aa,dea219e2-0026-4565-ad75-7060b5ccd0d6,2024-08-23,Shipped,16.8
f4732252-aafe-41f3-8608-deeb590ed3a0,b0d0b1b9-6645-4fe5-903e-f7c6eff91b2d,2024-11-09,Shipped,39.56
4f4f8c87-9dbd-445f-9f9f-9f2ef4652285,38d52a33-9b5e-45ef-a73e-852a3d80a613,2023-06-04,Shipped,0
d1b7038c-bfd1-4b1b-a462-cfd89b87f715,93b01764-1d8d-49d4-832f-9ec96fed192c,2021-10-14,Shipped,21.55
3b5577a9-5a96-491b-a7b8-4b11b13b621c,0a19b22b-aba0-4efa-9a0c-5fd439edaf63,2025-10-13,Shipped,15.3
7ba1103d-57a1-4572-85c6-c9e9068e9c38,0e0b6038-29db-4003-b359-67ccbe854fe9,2021-04-01,Shipped,20.99
0ab9ade8-4ea8-4500-b5bc-0450ee63ad48,df61be4b-e361-44dc-88bb-de04665bd431,2024-04-15,Shipped,26.04
2e416ece-5e50-4878-a432-1067c1ecf688,7834ddb9-8261-4a93-9396-d46f876101c8,2023-03-13,Shipped,27.78
0af7b60e-64a4-460d-8ef2-9c998bdf6d9e,4ae96289-f614-4323-8a04-a4740dfac0f9,2025-09-26,Shipped,33.5
f6dfea5a-f870-4a0e-be87-9bf154406ff1,a7f00016-1603-48bb-825f-b68283b19e10,2025-05-07,Shipped,34.46
1fd3fff9-ed35-445b-8e81-8d9a02bd1016,4cd2cd5d-3edb-4dcc-a6f8-06b5e94f773a,2023-09-03,Shipped,64.88
80855083-38b8-4fc7-a515-3c0fee500991,563b97ab-8b89-4cc6-a571-0180c3e33a19,2023-10-25,Shipped,14.52
458db141-e74b-4af3-a1c1-a6a30bfb30ee,7ed1cb25-16a4-4fb8-a8db-728bab587774,2022-06-30,Shipped,94.75
c01f3f98-a370-4135-87ff-8d9dc2a80ab2,0c3511d8-3d94-422e-9b4a-415556982f4b,2024-11-12,Shipped,120.66
fe1a8832-f667-472b-ab67-a6c5722e82b0,74aa5921-2f64-457b-bb62-401759f457d6,2024-11-13,Shipped,26.71
1869d0bf-eb3b-4bc0-872e-39ea8b435fd3,c19f1019-f29b-487c-aef8-021e9eb59134,2025-12-19,Shipped,1140
a394a430-cb2a-4ceb-a224-931e5f5f1058,f918fc47-023a-43fb-b4c0-5182a2b309f7,2025-07-06,Shipped,39.25
bd3c6120-e321-40d6-9fe8-29573c28c9a4,67065c70-66f0-4062-8a3e-3c83206bacd9,2022-02-18,Shipped,236.77
c18f4b07-064b-4f50-b4b0-60fa14a3f28c,412a437b-4626-487f-8d23-9beb3a21fb41,2024-05-01,Shipped,107.52
6c621a81-8197-4ad0-9112-9ec3a5e551eb,663ba102-49c7-46af-9c65-504020234152,2025-11-13,Shipped,130.08
1603d84e-1b59-467d-9937-bf6a859aac41,ac74cf12-9bce-4000-9d79-64fdd5e42d37,2025-09-22,Shipped,508.23
21b135a8-ea19-44c3-a654-0cf40ad4fd04,9e54bd80-e63f-4e2b-b069-655959a1b723,2025-08-07,Shipped,233
b9caf3a6-4655-4b38-990f-fb9781dc4b50,7397bb98-a77b-433d-8987-dd40dec1942a,2024-10-18,Shipped,143.54
ce7bf742-66c9-4b56-8222-4a6726fd9f79,b920e96f-a1b4-4439-8a4a-b567b7b58868,2022-10-24,Shipped,11.29
12a3c891-ab97-4208-9d1b-269b0507073c,70ab8f27-004d-4fb9-b79a-a592ad48bb14,2025-12-02,Shipped,115.25
f5552252-fee7-451d-9c71-ab8868e4da60,6bafdfd1-a33b-4c97-9094-a71530c15e95,2024-11-14,Shipped,178.93
f54b8607-f92b-47c0-affb-b147c42d5040,87eb1d2e-ecdc-43d2-b719-9471f82e5470,2025-03-18,Shipped,557.85
c5bbb321-96b3-456f-b61c-b36fd3eed3c8,d00e6b86-4a6c-469e-b8b6-415ec25af6c4,2021-05-17,Shipped,157
df9694fa-ab1a-40bc-aa1a-6264e892a7a9,748394b7-156e-4b28-abb5-992f8767b6c7,2022-06-20,Shipped,24.15
f955f19d-bbf4-43ad-8561-31d70acffd10,bc26a787-246f-4fb9-8f14-0ea070e00ac3,2021-10-22,Shipped,127.88
95de1caa-c601-42c1-ad9b-1684b8192e6e,6b74ee74-2cfc-4020-bb84-90ad20790cd5,2025-03-20,Shipped,28.89
bf5934fe-738f-4797-a0c6-da38e04df044,e394dca2-5b43-46b0-860c-dcfe79efda8a,2023-05-04,Shipped,91.64
ec8d3bf1-b6ce-46ae-a4d0-32db9d0de864,42a06cde-a1cb-4d0e-b537-b3f662e49024,2023-09-05,Shipped,32.57
1c8605d2-66de-4c81-9487-827553c65ec3,dd68b4ab-74fb-4ace-954d-d0f93ccf117f,2025-08-11,Shipped,92.25
8a84bcae-d9c9-4bb9-a35e-a01327a75f73,3de19527-ee87-43cc-a5ad-7d774ac65311,2020-07-15,Shipped,41.4
def13365-7cf4-438c-8178-9d4c92e5b3ba,3871b931-7bb8-403b-99d1-ab9c20b3a5c0,2025-10-14,Shipped,117.2
ce93618f-2350-40ef-8b02-2190f54afb60,eb72e5d5-7d66-41fb-82e1-3ca319c1dbc5,2021-11-17,Shipped,76.8
d3830796-cd9c-4ec2-b116-cd97c5b816db,6f791a8d-cd9b-4898-a092-3742e71131f8,2025-03-20,Shipped,27.01
1381f6a9-f33e-4d85-9942-71d03dd7c22f,b81bbc74-e25d-482d-b6ec-282bd17b3fa1,2023-05-20,Shipped,47.8
02e2ded4-83be-4b37-aee7-21ba06f1c99c,58d21906-b906-4f53-9b78-f1f356635394,2025-10-31,Shipped,60.5
71a57887-5104-46a7-a131-cfff2897453c,10b93a77-6e8a-4c66-84bf-d64066240046,2024-10-27,Shipped,21.66
2ab126d4-3e1b-41cc-a7a4-971e44a75f3c,2a110bd1-d242-4ad1-8022-61d2be8ff17f,2021-01-11,Shipped,112.22
e988f174-29ee-45b7-894f-058180a2944f,776531fc-733f-4f13-8f6f-80af76cfd5ea,2023-08-20,Shipped,28.34
b4b26dce-daa4-4d87-bba3-1e7a240100db,f5e55c23-2f04-4539-9550-50665eb0bee9,2021-07-23,Shipped,19.75
8c244347-243c-4a03-884f-5fca829f808a,002afd2f-ffda-4c04-aff9-001b79f507ef,2022-10-16,Shipped,22.32
903680bc-7fc5-497a-bf42-679830ad7d4e,d34e962c-50c0-45b5-b9d3-1d58b81d6a59,2025-06-14,Shipped,60.6
dbbe1337-3bb8-419e-a7a6-00ec0a9e775d,02df227c-4db1-4986-8aa3-8643b74b71ea,2021-11-18,Shipped,115.82
b8b61601-5d92-4fa4-ab7c-32be6dc852d2,19e72ec4-0f93-4728-8d36-5de3b30662f2,2025-12-17,Shipped,54.5
f2e1a1d0-e8d1-4c17-a506-37002690f570,c6678e11-392b-4788-a25b-b2f5d4c33206,2022-11-04,Shipped,134.97
160f981c-15f9-4a72-b236-163ec83e316b,b1e328c2-7a2a-4be4-9d4d-1d46bf3f8708,2024-12-24,Shipped,55.16
64323c26-ed0d-43ee-ba5a-2bb961cfb15b,6f60cc8d-89dd-4163-9933-728961655bc9,2026-03-17,Shipped,411.99
7fd049f2-4321-413a-b40f-45d1a9d3477b,9c7087c7-84cf-45dc-bb99-db4890369ab3,2026-02-24,Shipped,22.08
445f3f1b-c0f1-4f8e-abd1-bd62dedf150a,67d99d2e-4408-4030-bdf3-66bce75cf7bb,2026-04-01,Shipped,334.5
48d75244-0052-4a8e-a721-9fb50c0bf285,5beef742-bcc0-4857-a743-2da8199fbc51,2022-12-23,COMPLAINTS,-29.43
044cc4e7-b86d-4982-98b7-9335da86617c,da813bd8-134a-442a-8240-850deaaf89cb,2021-03-17,COMPLAINTS,-36.5
f0716734-ab3f-4e1f-bb26-ccc80d088245,d4abb194-e29b-4c93-bf35-cb241a6317ce,2023-05-25,COMPLAINTS,-1237.5
505d9415-c6d1-4dd3-946f-76e60e68f92c,12a0818c-f9da-4716-be76-f0b2e29cbf42,2021-11-18,COMPLAINTS,-28.8
9049bb32-a135-42d9-b6f8-c7be4f653323,af412c4c-04f2-456c-aa35-29a734d08774,2021-12-02,COMPLAINTS,-63.6
c7344a9e-bf97-4ce2-948b-79d8370916a6,b02364a1-3f5b-488a-b927-a896a23c96f5,2024-05-06,COMPLAINTS,-30.34
ce2f4c45-2f83-4c1c-b1b1-80969df532c1,90c473fb-dceb-4d29-b17f-13573a9d6592,2021-07-02,COMPLAINTS,-616.92
54573941-0db0-48b4-ae8b-6dfc8c299145,6c84fa23-6fa4-462b-9116-440cfea707b4,2024-04-02,COMPLAINTS,-33.12
49bb19e8-0991-486c-be2f-d65022d82284,529218ad-5e6f-4a4b-9e17-a08de7fd7255,2022-02-28,COMPLAINTS,-22.52
3a10506b-98d8-412f-8d4c-fd35c984e475,0a3921cf-ab79-4a14-9356-227f82f14c19,2025-10-08,COMPLAINTS,-24.8
95df17aa-9a8f-4542-8451-9a8cca0cd04f,e24e5077-c8b0-43ec-afa4-36be3b44fca6,2024-10-02,COMPLAINTS,-4.7
4e1cd92e-135f-4024-808d-b11980f485b8,7c2100a8-cfc9-4714-9aa0-7d41613c16c1,2025-04-10,COMPLAINTS,-13.27
999c703e-802f-4746-93a8-df5bb3c1ff9a,22e8d3b5-5261-4897-b3d1-96a8c85cae67,2025-06-17,COMPLAINTS,-264.52
e61625aa-7479-4c43-bf83-a03b536af2ac,bffc1160-dff5-44df-aee0-ede528459ea0,2023-03-28,COMPLAINTS,-118.8
97555175-6751-4473-b016-bcd201c00f1d,a0240e24-e077-45d3-a6c8-a2a5c0254bd5,2025-06-05,COMPLAINTS,-8.52
f0f2f50b-7f6d-499e-93ca-fdb5998d4bfa,d4e66a70-96f0-473d-ae79-4e04cde4d64e,2025-09-02,COMPLAINTS,-22.53
648eba8c-6401-4f1d-a3d0-61902e039247,f939c965-bc0f-40d4-96a5-45bc226eeed5,2025-05-02,COMPLAINTS,-44.85
38c87461-200b-46c0-bf44-668156e5955e,8c95612a-2c37-41ea-a688-aa0e03a68aa7,2021-06-23,COMPLAINTS,-19
d481783b-2870-42f5-811e-385cde57f32d,a4e1d3b0-db34-4e72-b1e9-cb8b4693e78d,2025-07-24,COMPLAINTS,-49.84
37d9b645-6885-4a00-9a15-ebdafbe1cd4e,70924d5b-e1e7-483d-931d-4b13e73eb99f,2024-08-30,COMPLAINTS,-443.77
abb4b9eb-b3f6-4069-ae52-f10acf038548,4d40bc2f-82d5-49dc-b622-02f443861901,2024-05-19,COMPLAINTS,-14.6
5da7cafb-4942-4a6c-bdde-bf972d1eb008,13aef93a-8dc7-4780-8f69-ca99e302ac39,2025-03-19,COMPLAINTS,-28.74
6ac2f8c3-292e-409d-97c0-a3fc9bf19bb7,3c98a969-58ab-43aa-9c4c-1ee6bcb689e5,2023-08-17,COMPLAINTS,-613.09
3ac4650a-953e-4205-a8fd-be03524860ad,0fdddedc-2df9-455f-a5b7-9c07e22d7ae9,2023-11-24,COMPLAINTS,-23.94
fb7085a4-2a6c-42da-8d75-a12a20ee9a79,43856c50-a462-43c1-8aa1-f3ef0deeaa77,2022-10-25,COMPLAINTS,-259.85
a40aa383-79ce-434a-aa6f-70418244fb3b,1b5aa3e7-d636-475d-8162-d8461b8ddb33,2026-01-26,COMPLAINTS,-86.24
941cdb11-c17a-4689-898a-28c5e34c1a84,8f611712-14d7-4ee4-a39f-191f56a947b3,2024-08-29,COMPLAINTS,-192.47
54354b1b-938a-481b-af2f-7176478321e8,808fc219-ae7a-4a5a-ac2c-d61672bae064,2023-08-08,COMPLAINTS,-33.69
95465f34-6925-4ce7-ad35-5005026077ad,33bda40a-24a9-47af-aa34-cefc4956e013,2023-08-08,COMPLAINTS,-160.72
b4271f79-36e7-43bb-9e0f-f11e3f616784,7677c925-124e-4b01-ac3c-5e68485d92ec,2025-12-08,COMPLAINTS,-377.1
5728b429-8556-49ff-a7d0-4f53eb13fd64,59a9764b-95e1-49d5-86ec-414f6d13b87f,2024-09-24,COMPLAINTS,-46.9
65a02935-0179-4556-a0aa-e5ce7f9ac727,f3f653de-5405-49e4-87b2-3e4d7d127707,2025-05-19,COMPLAINTS,-122.6
cc86904e-505d-4283-b041-c3004bc414e6,338649f0-fe56-4922-a614-32d4bc50d818,2023-10-15,COMPLAINTS,-225.52
4c4674f9-cdd7-4376-8543-6141829299e0,aba429b3-8182-44ab-9a33-3fba055fd95a,2023-11-10,COMPLAINTS,-198.75
d0dd4b16-70a8-4aab-972e-bec63997263a,4c0c4cd3-2158-4474-98ed-bc0fa1142944,2024-06-12,COMPLAINTS,-46.24
851cebf5-cd86-4b60-87f3-ef9a9acfffaf,b2371007-82a3-4049-ac5d-e1463678505d,2024-03-20,COMPLAINTS,-5.8
88eeab91-0595-4108-aff0-a19fde584930,52709cae-dfc5-4afb-9fe3-b0520cfc477d,2023-06-05,COMPLAINTS,-844.49
f12ca92b-d360-45bc-b16a-28506fca5fc8,d1534a5b-fda2-4513-a43f-e261e6978ade,2020-09-14,COMPLAINTS,-5.31
c9e6eda7-cebb-479a-b157-f87d69d49db0,707a0550-9f55-4824-b492-5804ce2b8f47,2025-06-30,COMPLAINTS,-40.25
19dd82df-0fef-47da-b7ff-daa59b9e8b05,b69b57ce-edf2-46dc-a8c8-67dc1fccf6e2,2021-11-15,COMPLAINTS,-141.4
42424850-4d83-4cbf-90a9-2afe64e0967c,cabfdc2c-f376-4ba5-b0d5-1fb4229219d3,2022-03-03,COMPLAINTS,-181.2
a03da3c6-6f98-43fa-b51d-9d7a54b24997,a541658b-517f-4ae9-bebd-e64a738a11bf,2025-08-20,COMPLAINTS,-74.88
e67803db-d1d5-486b-b176-0f79bd8df2f6,418b21e1-52b5-47ad-bab0-dec9e38b0a2d,2022-11-25,COMPLAINTS,-96.24
26dd0bbb-581b-49e0-a272-f96b7f386686,de4759e5-7d54-4ac7-bba1-c2f9ed7fc9e6,2023-06-13,COMPLAINTS,-22.8
e17e1abc-460d-427e-984a-4b479af2dbb7,ab388f17-bd86-4da5-a55b-81887c00f207,2026-02-19,COMPLAINTS,-385.35
989718a4-25a1-4017-8069-47dfa2d3a5f1,e424bf12-fbda-43c7-8ce0-7c6adde0081b,2021-07-27,COMPLAINTS,-17.34
55c40727-926d-4bf0-9d05-ac709b96a323,37eceda1-32ee-4632-b487-b836b0bc1743,2024-08-16,COMPLAINTS,-37.38
59cafd67-c5e4-4d3e-8c83-9068b2d9b746,d39f5d3a-ffa9-4813-86d2-8ff10e0b7694,2020-07-29,Shipped,57
ffa3bf95-86a5-4a1a-a522-26ee9b7b0e7e,5033f343-2779-48e6-b8dd-8c9f239cfb9c,2026-04-07,Shipped,908
d1628b76-3ef6-4826-b334-c7b1b35b5d80,1b4ad942-548c-48bd-836d-c17bc166d3d8,2021-10-01,Shipped,506.05
d7c2c55c-2085-4a9b-9f1a-3b363433eff3,73ab0a07-9abb-4f80-b800-671e05e589e9,2026-02-25,Shipped,38
af5299ba-7b7d-4fbe-875a-101fff171952,da7fb6ad-2575-404c-b5ad-fac639567b2f,2026-02-25,Shipped,81
aa2d898c-6723-49c3-be79-808262a132e4,b90d9212-fa2d-43fb-bb50-f7d566ec8548,2022-06-17,Shipped,52.62
477f406d-fc70-4bb9-b760-8f081d32af19,0ce7a84e-10c5-440c-8857-eeeae7392e6e,2026-01-13,Shipped,41
5686ab96-16d4-4f93-b54a-07790acbfa58,3ad678a4-0e74-4155-ad9a-d82b1c20f9f3,2025-10-02,Shipped,89.15
7e9ffb21-e708-4222-8d62-34e2d98dadf7,92689a99-594e-431d-a3ed-40af756f3925,2025-09-03,Shipped,140
a92a2eb0-5b99-4dd1-9e58-1b6065417d41,d03ac647-5b96-41f6-adc9-a946c66b4864,2023-01-18,Shipped,105.52
fd61b927-a974-43f7-88d9-638f54ad246a,d9a58633-94a1-4bd7-bf34-8f9184c0759f,2024-03-26,Shipped,49.9
d44dd544-e587-4beb-89b4-931b17d9d928,cda66081-3462-4491-8d34-7e37dfcbc3d4,2024-08-24,Shipped,48.48
f272b98b-4ce9-4a25-90e3-0f1b665885ef,fae81c09-155c-42e6-9d08-a2ec73d333f2,2021-09-27,Shipped,90
84ed0f65-77c6-4b1c-aaff-48fda58cf799,bd64c154-1be3-4c86-a4a8-2f88670ae0a4,2024-08-23,Shipped,3378.63
8973991b-25c7-4040-a8e7-920164707cb3,ab6810ef-c07a-4b70-b25e-f62922e21e42,2020-11-30,Shipped,144.48
d859f663-ba20-4eb0-8c2d-4ed5a33e1ca5,bd1ba519-4ddd-4a69-b665-0995e879205a,2023-04-11,Shipped,62.14
6a880a50-ce27-47c7-9108-ad7319f897c1,518c266e-24e8-4d9c-80f1-7e9a35641457,2024-01-15,Shipped,40.75
372a6622-9a92-436f-be97-010a897af5c6,040be70b-ebc4-4f5c-9eeb-7b701d3869b2,2025-09-06,Shipped,28.5
d9bd8334-19a4-4b5f-811d-87a11032bb99,527738ea-2f68-40e3-bf97-e61d3bcc512f,2025-09-10,Shipped,38.25
80cb5f2c-4e4a-45e9-be05-01dc8ef73c2d,14770277-bd01-4efa-9d58-30552a6dfcf8,2020-06-15,Shipped,273.75
16f61c99-7bf8-4fdf-be39-5a4b781ea5b1,57cc8249-99db-485c-9ac6-f375781995fe,2021-02-15,Shipped,75.61
c3a56cd8-315b-47a0-88d0-16bbfe8f631f,bbc1d3d7-45f8-4d5f-892c-8dd87abb0a4f,2020-10-12,Shipped,62.6
c3d7e74c-aad3-4271-ade6-1235775b2cad,233ad3a2-09f8-4e25-b1a2-993c33267774,2024-02-21,Shipped,552.44
7a4a0b46-99a3-47b3-a328-860606e9d23c,cbda0908-5376-4586-ae80-f63720e490f2,2023-11-08,Shipped,112.34
8f71adb9-e7c7-466d-b465-e04ff480e74a,2b4ddbf2-c3db-4205-bafe-c771fdb40efb,2022-03-10,Shipped,99.75
27f69245-8a79-40b7-93d2-5c59c500dfee,417fb555-71e8-4c53-8939-702b89c8e5c5,2022-03-10,Shipped,45.28
02b99ce7-3818-4ae5-ab60-5d72c7e6a5a7,8dd3461f-c6d4-422f-8901-9d212fedbe4e,2024-08-06,Shipped,11.07
7f3f7889-06ad-45a0-ac5e-bf1854054064,be10cdfd-3b34-4bfa-8541-169175f02268,2023-09-11,Shipped,60.68
b1b6fcdf-016d-4efa-95c0-2538853d7034,2d73ae14-281b-4151-9009-22f41aaea23e,2024-04-26,COMPLAINTS,-143.9
65e8bd74-9d1f-4eb9-a527-d992cac0afee,d38bb473-6726-43e7-86db-13548556750a,2020-06-22,COMPLAINTS,-14.64
4674b2e1-7b50-47f0-a5c9-2566cd12284c,f7158214-a877-41a1-bf53-ab0be85917cd,2023-08-14,COMPLAINTS,-296.9
8305b06a-e0b0-42e8-823a-28326395b089,d7208e0b-f735-49db-b639-5b70f4cae484,2021-04-01,COMPLAINTS,-38.21
7398645b-f36a-41b8-a151-fc82749fb311,3f0a6650-828b-4961-9dd9-859496cac036,2024-08-22,COMPLAINTS,-18.57
7cea9b5a-14ac-4a2d-96d0-b843d0d81c7e,072be887-54c8-438f-be80-176c2db10452,2020-12-16,COMPLAINTS,-27.6
605c3144-9058-4465-b37e-5478ac54ff9f,65ef881b-ce57-40bd-ac5d-7b3da5a5ccb4,2020-12-09,COMPLAINTS,-43.25
